disciplina;curso;ano;tema;habilidade_codigo;texto_oficial;agrupamento_fonte
Arte;Ensino Fundamental II;6º ano;Contextos e práticas;EF69AR01;Pesquisar, apreciar e analisar formas distintas das artes visuais tradicionais e contemporâneas, em obras de artistas brasileiros e estrangeiros de diferentes épocas e em diferentes matrizes estéticas e culturais, de modo a ampliar a experiência com diferentes contextos e práticas artístico-visuais e cultivar a percepção, o imaginário, a capacidade de simbolizar e o repertório imagético.;objeto_conhecimento
Arte;Ensino Fundamental II;6º ano;Contextos e práticas;EF69AR02;Pesquisar e analisar diferentes estilos visuais, contextualizando-os no tempo e no espaço.;objeto_conhecimento
Arte;Ensino Fundamental II;6º ano;Contextos e práticas;EF69AR03;Analisar situações nas quais as linguagens das artes visuais se integram às linguagens audiovisuais (cinema, animações, vídeos etc.), gráficas (capas de livros, ilustrações de textos diversos etc.), cenográficas, coreográficas, musicais etc.;objeto_conhecimento
Arte;Ensino Fundamental II;6º ano;Elementos da linguagem;EF69AR04;Analisar os elementos constitutivos das artes visuais (ponto, linha, forma, direção, cor, tom, escala, dimensão, espaço, movimento etc.) na apreciação de diferentes produções artísticas.;objeto_conhecimento
Arte;Ensino Fundamental II;6º ano;Materialidades;EF69AR05;Experimentar e analisar diferentes formas de expressão artística (desenho, pintura, colagem, quadrinhos, dobradura, escultura, modelagem, instalação, vídeo, fotografia, performance etc.).;objeto_conhecimento
Arte;Ensino Fundamental II;6º ano;Processos de criação;EF69AR06;Desenvolver processos de criação em artes visuais, com base em temas ou interesses artísticos, de modo individual, coletivo e colaborativo, fazendo uso de materiais, instrumentos e recursos convencionais, alternativos e digitais.;objeto_conhecimento
Arte;Ensino Fundamental II;6º ano;Processos de criação;EF69AR07;Dialogar com princípios conceituais, proposições temáticas, repertórios imagéticos e processos de criação nas suas produções visuais.;objeto_conhecimento
Arte;Ensino Fundamental II;6º ano;Sistemas da linguagem;EF69AR08;Diferenciar as categorias de artista, artesão, produtor cultural, curador, designer, entre outras, estabelecendo relações entre os profissionais do sistema das artes visuais.;objeto_conhecimento
Arte;Ensino Fundamental II;6º ano;Contextos e práticas;EF69AR09;Pesquisar e analisar diferentes formas de expressão, representação e encenação da dança, reconhecendo e apreciando composições de dança de artistas e grupos brasileiros e estrangeiros de diferentes épocas.;objeto_conhecimento
Arte;Ensino Fundamental II;6º ano;Elementos da linguagem;EF69AR10;Explorar elementos constitutivos do movimento cotidiano e do movimento dançado, abordando, criticamente, o desenvolvimento das formas da dança em sua história tradicional e contemporânea.;objeto_conhecimento
Arte;Ensino Fundamental II;6º ano;Elementos da linguagem;EF69AR11;Experimentar e analisar os fatores de movimento (tempo, peso, fluência e espaço) como elementos que, combinados, geram as ações corporais e o movimento dançado.;objeto_conhecimento
Arte;Ensino Fundamental II;6º ano;Processos de criação;EF69AR12;Investigar e experimentar procedimentos de improvisação e criação do movimento como fonte para a construção de vocabulários e repertórios próprios.;objeto_conhecimento
Arte;Ensino Fundamental II;6º ano;Processos de criação;EF69AR13;Investigar brincadeiras, jogos, danças coletivas e outras práticas de dança de diferentes matrizes estéticas e culturais como referência para a criação e a composição de danças autorais, individualmente e em grupo.;objeto_conhecimento
Arte;Ensino Fundamental II;6º ano;Processos de criação;EF69AR14;Analisar e experimentar diferentes elementos (figurino, iluminação, cenário, trilha sonora etc.) e espaços (convencionais e não convencionais) para composição cênica e apresentação coreográfica.;objeto_conhecimento
Arte;Ensino Fundamental II;6º ano;Processos de criação;EF69AR15;Discutir as experiências pessoais e coletivas em dança vivenciadas na escola e em outros contextos, problematizando estereótipos e preconceitos.;objeto_conhecimento
Arte;Ensino Fundamental II;6º ano;Contextos e práticas;EF69AR16;Analisar criticamente, por meio da apreciação musical, usos e funções da música em seus contextos de produção e circulação, relacionando as práticas musicais às diferentes dimensões da vida social, cultural, política, histórica, econômica, estética e ética.;objeto_conhecimento
Arte;Ensino Fundamental II;6º ano;Contextos e práticas;EF69AR17;Explorar e analisar, criticamente, diferentes meios e equipamentos culturais de circulação da música e do conhecimento musical.;objeto_conhecimento
Arte;Ensino Fundamental II;6º ano;Contextos e práticas;EF69AR18;Reconhecer e apreciar o papel de músicos e grupos de música brasileiros e estrangeiros que contribuíram para o desenvolvimento de formas e gêneros musicais.;objeto_conhecimento
Arte;Ensino Fundamental II;6º ano;Contextos e práticas;EF69AR19;Identificar e analisar diferentes estilos musicais, contextualizando-os no tempo e no espaço, de modo a aprimorar a capacidade de apreciação da estética musical.;objeto_conhecimento
Arte;Ensino Fundamental II;6º ano;Elementos da linguagem;EF69AR20;Explorar e analisar elementos constitutivos da música (altura, intensidade, timbre, melodia, ritmo etc.), por meio de recursos tecnológicos (games e plataformas digitais), jogos, canções e práticas diversas de composição/criação, execução e apreciação musicais.;objeto_conhecimento
Arte;Ensino Fundamental II;6º ano;Materialidades;EF69AR21;Explorar e analisar fontes e materiais sonoros em práticas de composição/criação, execução e apreciação musical, reconhecendo timbres e características de instrumentos musicais diversos.;objeto_conhecimento
Arte;Ensino Fundamental II;6º ano;Notação e registro musical;EF69AR22;Explorar e identificar diferentes formas de registro musical (notação musical tradicional, partituras criativas e procedimentos da música contemporânea), bem como procedimentos e técnicas de registro em áudio e audiovisual.;objeto_conhecimento
Arte;Ensino Fundamental II;6º ano;Processos de criação;EF69AR23;Explorar e criar improvisações, composições, arranjos, jingles, trilhas sonoras, entre outros, utilizando vozes, sons corporais e/ou instrumentos acústicos ou eletrônicos, convencionais ou não convencionais, expressando ideias musicais de maneira individual, coletiva e colaborativa.;objeto_conhecimento
Arte;Ensino Fundamental II;6º ano;Contextos e práticas;EF69AR24;Reconhecer e apreciar artistas e grupos de teatro brasileiros e estrangeiros de diferentes épocas, investigando os modos de criação, produção, divulgação, circulação e organização da atuação profissional em teatro.;objeto_conhecimento
Arte;Ensino Fundamental II;6º ano;Contextos e práticas;EF69AR25;Identificar e analisar diferentes estilos cênicos, contextualizando-os no tempo e no espaço de modo a aprimorar a capacidade de apreciação da estética teatral.;objeto_conhecimento
Arte;Ensino Fundamental II;6º ano;Elementos da linguagem;EF69AR26;Explorar diferentes elementos envolvidos na composição dos acontecimentos cênicos (figurinos, adereços, cenário, iluminação e sonoplastia) e reconhecer seus vocabulários.;objeto_conhecimento
Arte;Ensino Fundamental II;6º ano;Processos de criação;EF69AR27;Pesquisar e criar formas de dramaturgias e espaços cênicos para o acontecimento teatral, em diálogo com o teatro contemporâneo.;objeto_conhecimento
Arte;Ensino Fundamental II;6º ano;Processos de criação;EF69AR28;Investigar e experimentar diferentes funções teatrais e discutir os limites e desafios do trabalho artístico coletivo e colaborativo.;objeto_conhecimento
Arte;Ensino Fundamental II;6º ano;Processos de criação;EF69AR29;Experimentar a gestualidade e as construções corporais e vocais de maneira imaginativa na improvisação teatral e no jogo cênico.;objeto_conhecimento
Arte;Ensino Fundamental II;6º ano;Processos de criação;EF69AR30;Compor improvisações e acontecimentos cênicos com base em textos dramáticos ou outros estímulos (música, imagens, objetos etc.), caracterizando personagens (com figurinos e adereços), cenário, iluminação e sonoplastia e considerando a relação com o espectador.;objeto_conhecimento
Arte;Ensino Fundamental II;6º ano;Contextos e práticas;EF69AR31;Relacionar as práticas artísticas às diferentes dimensões da vida social, cultural, política, histórica, econômica, estética e ética.;objeto_conhecimento
Arte;Ensino Fundamental II;6º ano;Processos de criação;EF69AR32;Analisar e explorar, em projetos temáticos, as relações processuais entre diversas linguagens artísticas.;objeto_conhecimento
Arte;Ensino Fundamental II;6º ano;Matrizes estéticas e culturais;EF69AR33;Analisar aspectos históricos, sociais e políticos da produção artística, problematizando as narrativas eurocêntricas e as diversas categorizações da arte (arte, artesanato, folclore, design etc.).;objeto_conhecimento
Arte;Ensino Fundamental II;6º ano;Patrimônio cultural;EF69AR34;Analisar e valorizar o patrimônio cultural, material e imaterial, de culturas diversas, em especial a brasileira, incluindo suas matrizes indígenas, africanas e europeias, de diferentes épocas, e favorecendo a construção de vocabulário e repertório relativos às diferentes linguagens artísticas.;objeto_conhecimento
Arte;Ensino Fundamental II;6º ano;Arte e tecnologia;EF69AR35;Identificar e manipular diferentes tecnologias e recursos digitais para acessar, apreciar, produzir, registrar e compartilhar práticas e repertórios artísticos, de modo reflexivo, ético e responsável.;objeto_conhecimento
Ciências;Ensino Fundamental II;6º ano;Matéria e energia;EF06CI01;Classificar como homogênea ou heterogênea a mistura de dois ou mais materiais (água e sal, água e óleo, água e areia etc.).;unidade_tematica
Ciências;Ensino Fundamental II;6º ano;Matéria e energia;EF06CI02;Identificar evidências de transformações químicas a partir do resultado de misturas de materiais que originam produtos diferentes dos que foram misturados (mistura de ingredientes para fazer um bolo, mistura de vinagre com bicarbonato de sódio etc.).;unidade_tematica
Ciências;Ensino Fundamental II;6º ano;Matéria e energia;EF06CI03;Selecionar métodos mais adequados para a separação de diferentes sistemas heterogêneos a partir da identificação de processos de separação de materiais (como a produção de sal de cozinha, a destilação de petróleo, entre outros).;unidade_tematica
Ciências;Ensino Fundamental II;6º ano;Matéria e energia;EF06CI04;Associar a produção de medicamentos e outros materiais sintéticos ao desenvolvimento científico e tecnológico, reconhecendo benefícios e avaliando impactos socioambientais.;unidade_tematica
Ciências;Ensino Fundamental II;6º ano;Vida e evolução;EF06CI05;Explicar a organização básica das células e seu papel como unidade estrutural e funcional dos seres vivos.;unidade_tematica
Ciências;Ensino Fundamental II;6º ano;Vida e evolução;EF06CI06;Concluir, com base na análise de ilustrações e/ou modelos (físicos ou digitais), que os organismos são um complexo arranjo de sistemas com diferentes níveis de organização.;unidade_tematica
Ciências;Ensino Fundamental II;6º ano;Vida e evolução;EF06CI07;Justificar o papel do sistema nervoso na coordenação das ações motoras e sensoriais do corpo, com base na análise de suas estruturas básicas e respectivas funções.;unidade_tematica
Ciências;Ensino Fundamental II;6º ano;Vida e evolução;EF06CI08;Explicar a importância da visão (captação e interpretação das imagens) na interação do organismo com o meio e, com base no funcionamento do olho humano, selecionar lentes adequadas para a correção de diferentes defeitos da visão.;unidade_tematica
Ciências;Ensino Fundamental II;6º ano;Vida e evolução;EF06CI09;Deduzir que a estrutura, a sustentação e a movimentação dos animais resultam da interação entre os sistemas muscular, ósseo e nervoso.;unidade_tematica
Ciências;Ensino Fundamental II;6º ano;Vida e evolução;EF06CI10;Explicar como o funcionamento do sistema nervoso pode ser afetado por substâncias psicoativas.;unidade_tematica
Ciências;Ensino Fundamental II;6º ano;Forma, estrutura e movimentos da Terra;EF06CI11;Identificar as diferentes camadas que estruturam o planeta Terra (da estrutura interna à atmosfera) e suas principais características.;objeto_conhecimento
Ciências;Ensino Fundamental II;6º ano;Forma, estrutura e movimentos da Terra;EF06CI12;Identificar diferentes tipos de rocha, relacionando a formação de fósseis a rochas sedimentares em diferentes períodos geológicos.;objeto_conhecimento
Ciências;Ensino Fundamental II;6º ano;Forma, estrutura e movimentos da Terra;EF06CI13;Selecionar argumentos e evidências que demonstrem a esfericidade da Terra.;objeto_conhecimento
Ciências;Ensino Fundamental II;6º ano;Forma, estrutura e movimentos da Terra;EF06CI14;Inferir que as mudanças na sombra de uma vara (gnômon) ao longo do dia em diferentes períodos do ano são uma evidência dos movimentos relativos entre a Terra e o Sol, que podem ser explicados por meio dos movimentos de rotação e translação da Terra e da inclinação de seu eixo de rotação em relação ao plano de sua órbita em torno do Sol.;objeto_conhecimento
Educação Física;Ensino Fundamental II;6º ano;Jogos eletrônicos;EF67EF01;Experimentar e fruir, na escola e fora dela, jogos eletrônicos diversos, valorizando e respeitando os sentidos e significados atribuídos a eles por diferentes grupos sociais e etários.;objeto_conhecimento
Educação Física;Ensino Fundamental II;6º ano;Jogos eletrônicos;EF67EF02;Identificar as transformações nas características dos jogos eletrônicos em função dos avanços das tecnologias e nas respectivas exigências corporais colocadas por esses diferentes tipos de jogos.;objeto_conhecimento
Educação Física;Ensino Fundamental II;6º ano;Esportes;EF67EF03;Experimentar e fruir esportes de marca, precisão, invasão e técnico-combinatórios, valorizando o trabalho coletivo e o protagonismo.;unidade_tematica
Educação Física;Ensino Fundamental II;6º ano;Esportes;EF67EF04;Praticar um ou mais esportes de marca, precisão, invasão e técnico-combinatórios oferecidos pela escola, usando habilidades técnico-táticas básicas e respeitando regras.;unidade_tematica
Educação Física;Ensino Fundamental II;6º ano;Esportes;EF67EF05;Planejar e utilizar estratégias para solucionar os desafios técnicos e táticos, tanto nos esportes de marca, precisão, invasão e técnico-combinatórios como nas modalidades esportivas escolhidas para praticar de forma específica.;unidade_tematica
Educação Física;Ensino Fundamental II;6º ano;Esportes;EF67EF06;Analisar as transformações na organização e na prática dos esportes em suas diferentes manifestações (profissional e comunitário/lazer).;unidade_tematica
Educação Física;Ensino Fundamental II;6º ano;Esportes;EF67EF07;Propor e produzir alternativas para experimentação dos esportes não disponíveis e/ou acessíveis na comunidade e das demais práticas corporais tematizadas na escola.;unidade_tematica
Educação Física;Ensino Fundamental II;6º ano;Ginástica de condicionamento físico;EF67EF08;Experimentar e fruir exercícios físicos que solicitem diferentes capacidades físicas, identificando seus tipos (força, velocidade, resistência, flexibilidade) e as sensações corporais provocadas pela sua prática.;objeto_conhecimento
Educação Física;Ensino Fundamental II;6º ano;Ginástica de condicionamento físico;EF67EF09;Construir, coletivamente, procedimentos e normas de convívio que viabilizem a participação de todos na prática de exercícios físicos, com o objetivo de promover a saúde.;objeto_conhecimento
Educação Física;Ensino Fundamental II;6º ano;Ginástica de condicionamento físico;EF67EF10;Diferenciar exercício físico de atividade física e propor alternativas para a prática de exercícios físicos dentro e fora do ambiente escolar.;objeto_conhecimento
Educação Física;Ensino Fundamental II;6º ano;Danças urbanas;EF67EF11;Experimentar, fruir e recriar danças urbanas, identificando seus elementos constitutivos (ritmo, espaço, gestos).;objeto_conhecimento
Educação Física;Ensino Fundamental II;6º ano;Danças urbanas;EF67EF12;Planejar e utilizar estratégias para aprender elementos constitutivos das danças urbanas.;objeto_conhecimento
Educação Física;Ensino Fundamental II;6º ano;Danças urbanas;EF67EF13;Diferenciar as danças urbanas das demais manifestações da dança, valorizando e respeitando os sentidos e significados atribuídos a eles por diferentes grupos sociais.;objeto_conhecimento
Educação Física;Ensino Fundamental II;6º ano;Lutas do Brasil;EF67EF14;Experimentar, fruir e recriar diferentes lutas do Brasil, valorizando a própria segurança e integridade física, bem como as dos demais.;objeto_conhecimento
Educação Física;Ensino Fundamental II;6º ano;Lutas do Brasil;EF67EF15;Planejar e utilizar estratégias básicas das lutas do Brasil, respeitando o colega como oponente.;objeto_conhecimento
Educação Física;Ensino Fundamental II;6º ano;Lutas do Brasil;EF67EF16;Identificar as características (códigos, rituais, elementos técnico-táticos, indumentária, materiais, instalações, instituições) das lutas do Brasil.;objeto_conhecimento
Educação Física;Ensino Fundamental II;6º ano;Lutas do Brasil;EF67EF17;Problematizar preconceitos e estereótipos relacionados ao universo das lutas e demais práticas corporais, propondo alternativas para superá-los, com base na solidariedade, na justiça, na equidade e no respeito.;objeto_conhecimento
Educação Física;Ensino Fundamental II;6º ano;Práticas corporais de aventura urbanas;EF67EF18;Experimentar e fruir diferentes práticas corporais de aventura urbanas, valorizando a própria segurança e integridade física, bem como as dos demais.;objeto_conhecimento
Educação Física;Ensino Fundamental II;6º ano;Práticas corporais de aventura urbanas;EF67EF19;Identificar os riscos durante a realização de práticas corporais de aventura urbanas e planejar estratégias para sua superação.;objeto_conhecimento
Educação Física;Ensino Fundamental II;6º ano;Práticas corporais de aventura urbanas;EF67EF20;Executar práticas corporais de aventura urbanas, respeitando o patrimônio público e utilizando alternativas para a prática segura em diversos espaços.;objeto_conhecimento
Educação Física;Ensino Fundamental II;6º ano;Práticas corporais de aventura urbanas;EF67EF21;Identificar a origem das práticas corporais de aventura e as possibilidades de recriá-las, reconhecendo as características (instrumentos, equipamentos de segurança, indumentária, organização) e seus tipos de práticas.;objeto_conhecimento
Geografia;Ensino Fundamental II;6º ano;Identidade sociocultural;EF06GE01;Comparar modificações das paisagens nos lugares de vivência e os usos desses lugares em diferentes tempos.;objeto_conhecimento
Geografia;Ensino Fundamental II;6º ano;Identidade sociocultural;EF06GE02;Analisar modificações de paisagens por diferentes tipos de sociedade, com destaque para os povos originários.;objeto_conhecimento
Geografia;Ensino Fundamental II;6º ano;Relações entre os componentes físico-naturais;EF06GE03;Descrever os movimentos do planeta e sua relação com a circulação geral da atmosfera, o tempo atmosférico e os padrões climáticos.;objeto_conhecimento
Geografia;Ensino Fundamental II;6º ano;Relações entre os componentes físico-naturais;EF06GE04;Descrever o ciclo da água, comparando o escoamento superficial no ambiente urbano e rural, reconhecendo os principais componentes da morfologia das bacias e das redes hidrográficas e a sua localização no modelado da superfície terrestre e da cobertura vegetal.;objeto_conhecimento
Geografia;Ensino Fundamental II;6º ano;Relações entre os componentes físico-naturais;EF06GE05;Relacionar padrões climáticos, tipos de solo, relevo e formações vegetais.;objeto_conhecimento
Geografia;Ensino Fundamental II;6º ano;Transformação das paisagens naturais e antrópicas;EF06GE06;Identificar as características das paisagens transformadas pelo trabalho humano a partir do desenvolvimento da agropecuária e do processo de industrialização.;objeto_conhecimento
Geografia;Ensino Fundamental II;6º ano;Transformação das paisagens naturais e antrópicas;EF06GE07;Explicar as mudanças na interação humana com a natureza a partir do surgimento das cidades.;objeto_conhecimento
Geografia;Ensino Fundamental II;6º ano;Fenômenos naturais e sociais representados de diferentes maneiras;EF06GE08;Medir distâncias na superfície pelas escalas gráficas e numéricas dos mapas.;objeto_conhecimento
Geografia;Ensino Fundamental II;6º ano;Fenômenos naturais e sociais representados de diferentes maneiras;EF06GE09;Elaborar modelos tridimensionais, blocos-diagramas e perfis topográficos e de vegetação, visando à representação de elementos e estruturas da superfície terrestre.;objeto_conhecimento
Geografia;Ensino Fundamental II;6º ano;Biodiversidade e ciclo hidrológico;EF06GE10;Explicar as diferentes formas de uso do solo (rotação de terras, terraceamento, aterros etc.) e de apropriação dos recursos hídricos (sistema de irrigação, tratamento e redes de distribuição), bem como suas vantagens e desvantagens em diferentes épocas e lugares.;objeto_conhecimento
Geografia;Ensino Fundamental II;6º ano;Biodiversidade e ciclo hidrológico;EF06GE11;Analisar distintas interações das sociedades com a natureza, com base na distribuição dos componentes físico-naturais, incluindo as transformações da biodiversidade local e do mundo.;objeto_conhecimento
Geografia;Ensino Fundamental II;6º ano;Biodiversidade e ciclo hidrológico;EF06GE12;Identificar o consumo dos recursos hídricos e o uso das principais bacias hidrográficas no Brasil e no mundo, enfatizando as transformações nos ambientes urbanos.;objeto_conhecimento
Geografia;Ensino Fundamental II;6º ano;Atividades humanas e dinâmica climática;EF06GE13;Analisar consequências, vantagens e desvantagens das práticas humanas na dinâmica climática (ilha de calor etc.).;objeto_conhecimento
História;Ensino Fundamental II;6º ano;A questão do tempo, sincronias e diacronias: reflexões sobre o sentido das cronologias;EF06HI01;Identificar diferentes formas de compreensão da noção de tempo e de periodização dos processos históricos (continuidades e rupturas).;objeto_conhecimento
História;Ensino Fundamental II;6º ano;Formas de registro da história e da produção do conhecimento histórico;EF06HI02;Identificar a gênese da produção do saber histórico e analisar o significado das fontes que originaram determinadas formas de registro em sociedades e épocas distintas.;objeto_conhecimento
História;Ensino Fundamental II;6º ano;As origens da humanidade, seus deslocamentos e os processos de sedentarização;EF06HI03;Identificar as hipóteses científicas sobre o surgimento da espécie humana e sua historicidade e analisar os significados dos mitos de fundação.;objeto_conhecimento
História;Ensino Fundamental II;6º ano;As origens da humanidade, seus deslocamentos e os processos de sedentarização;EF06HI04;Conhecer as teorias sobre a origem do homem americano.;objeto_conhecimento
História;Ensino Fundamental II;6º ano;As origens da humanidade, seus deslocamentos e os processos de sedentarização;EF06HI05;Descrever modificações da natureza e da paisagem realizadas por diferentes tipos de sociedade, com destaque para os povos indígenas originários e povos africanos, e discutir a natureza e a lógica das transformações ocorridas.;objeto_conhecimento
História;Ensino Fundamental II;6º ano;As origens da humanidade, seus deslocamentos e os processos de sedentarização;EF06HI06;Identificar geograficamente as rotas de povoamento no território americano.;objeto_conhecimento
História;Ensino Fundamental II;6º ano;A invenção do mundo clássico e o contraponto com outras sociedades;EF06HI07;Identificar aspectos e formas de registro das sociedades antigas na África, no Oriente Médio e nas Américas, distinguindo alguns significados presentes na cultura material e na tradição oral dessas sociedades.;unidade_tematica
História;Ensino Fundamental II;6º ano;A invenção do mundo clássico e o contraponto com outras sociedades;EF06HI08;Identificar os espaços territoriais ocupados e os aportes culturais, científicos, sociais e econômicos dos astecas, maias e incas e dos povos indígenas de diversas regiões brasileiras.;unidade_tematica
História;Ensino Fundamental II;6º ano;O Ocidente Clássico: aspectos da cultura na Grécia e em Roma;EF06HI09;Discutir o conceito de Antiguidade Clássica, seu alcance e limite na tradição ocidental, assim como os impactos sobre outras sociedades e culturas.;objeto_conhecimento
História;Ensino Fundamental II;6º ano;Lógicas de organização política;EF06HI10;Explicar a formação da Grécia Antiga, com ênfase na formação da pólis e nas transformações políticas, sociais e culturais.;unidade_tematica
História;Ensino Fundamental II;6º ano;Lógicas de organização política;EF06HI11;Caracterizar o processo de formação da Roma Antiga e suas configurações sociais e políticas nos períodos monárquico e republicano.;unidade_tematica
História;Ensino Fundamental II;6º ano;Lógicas de organização política;EF06HI12;Associar o conceito de cidadania a dinâmicas de inclusão e exclusão na Grécia e Roma antigas.;unidade_tematica
História;Ensino Fundamental II;6º ano;Lógicas de organização política;EF06HI13;Conceituar “império” no mundo antigo, com vistas à análise das diferentes formas de equilíbrio e desequilíbrio entre as partes envolvidas.;unidade_tematica
História;Ensino Fundamental II;6º ano;Lógicas de organização política;EF06HI14;Identificar e analisar diferentes formas de contato, adaptação ou exclusão entre populações em diferentes tempos e espaços.;unidade_tematica
História;Ensino Fundamental II;6º ano;O Mediterrâneo como espaço de interação entre as sociedades da Europa, da África e do Oriente Médio;EF06HI15;Descrever as dinâmicas de circulação de pessoas, produtos e culturas no Mediterrâneo e seu significado.;objeto_conhecimento
História;Ensino Fundamental II;6º ano;Trabalho e formas de organização social e cultural;EF06HI16;Caracterizar e comparar as dinâmicas de abastecimento e as formas de organização do trabalho e da vida social em diferentes sociedades e períodos, com destaque para as relações entre senhores e servos.;unidade_tematica
História;Ensino Fundamental II;6º ano;Trabalho e formas de organização social e cultural;EF06HI17;Diferenciar escravidão, servidão e trabalho livre no mundo antigo.;unidade_tematica
História;Ensino Fundamental II;6º ano;O papel da religião cristã, dos mosteiros e da cultura na Idade Média;EF06HI18;Analisar o papel da religião cristã na cultura e nos modos de organização social no período medieval.;objeto_conhecimento
História;Ensino Fundamental II;6º ano;O papel da mulher na Grécia e em Roma, e no período medieval;EF06HI19;Descrever e analisar os diferentes papéis sociais das mulheres no mundo antigo e nas sociedades medievais.;objeto_conhecimento
Inglês;Ensino Fundamental II;6º ano;Construção de laços afetivos e convívio social;EF06LI01;Interagir em situações de intercâmbio oral, demonstrando iniciativa para utilizar a língua inglesa.;objeto_conhecimento
Inglês;Ensino Fundamental II;6º ano;Construção de laços afetivos e convívio social;EF06LI02;Coletar informações do grupo, perguntando e respondendo sobre a família, os amigos, a escola e a comunidade..;objeto_conhecimento
Inglês;Ensino Fundamental II;6º ano;Funções e usos da língua inglesa em sala de aula (Classroom language);EF06LI03;Solicitar esclarecimentos em língua inglesa sobre o que não entendeu e o significado de palavras ou expressões desconhecidas.;objeto_conhecimento
Inglês;Ensino Fundamental II;6º ano;Estratégias de compreensão de textos orais: palavras cognatas e pistas do contexto discursivo;EF06LI04;Reconhecer, com o apoio de palavras cognatas e pistas do contexto discursivo, o assunto e as informações principais em textos orais sobre temas familiares.;objeto_conhecimento
Inglês;Ensino Fundamental II;6º ano;Produção de textos orais, com a mediação do professor;EF06LI05;Aplicar os conhecimentos da língua inglesa para falar de si e de outras pessoas, explicitando informações pessoais e características relacionadas a gostos, preferências e rotinas.;objeto_conhecimento
Inglês;Ensino Fundamental II;6º ano;Produção de textos orais, com a mediação do professor;EF06LI06;Planejar apresentação sobre a família, a comunidade e a escola, compartilhando-a oralmente com o grupo.;objeto_conhecimento
Inglês;Ensino Fundamental II;6º ano;Hipóteses sobre a finalidade de um texto;EF06LI07;Formular hipóteses sobre a finalidade de um texto em língua inglesa, com base em sua estrutura, organização textual e pistas gráficas.;objeto_conhecimento
Inglês;Ensino Fundamental II;6º ano;Compreensão geral e específica: leitura rápida (skimming, scanning);EF06LI08;Identificar o assunto de um texto, reconhecendo sua organização textual e palavras cognatas.;objeto_conhecimento
Inglês;Ensino Fundamental II;6º ano;Compreensão geral e específica: leitura rápida (skimming, scanning);EF06LI09;Localizar informações específicas em texto.;objeto_conhecimento
Inglês;Ensino Fundamental II;6º ano;Construção de repertório lexical e autonomia leitora;EF06LI10;Conhecer a organização de um dicionário bilíngue (impresso e/ou on-line) para construir repertório lexical.;objeto_conhecimento
Inglês;Ensino Fundamental II;6º ano;Construção de repertório lexical e autonomia leitora;EF06LI11;Explorar ambientes virtuais e/ou aplicativos para construir repertório lexical na língua inglesa.;objeto_conhecimento
Inglês;Ensino Fundamental II;6º ano;Partilha de leitura, com mediação do professor;EF06LI12;Interessar-se pelo texto lido, compartilhando suas ideias sobre o que o texto informa/comunica.;objeto_conhecimento
Inglês;Ensino Fundamental II;6º ano;Planejamento do texto: brainstorming;EF06LI13;Listar ideias para a produção de textos, levando em conta o tema e o assunto.;objeto_conhecimento
Inglês;Ensino Fundamental II;6º ano;Planejamento do texto: organização de ideias;EF06LI14;Organizar ideias, selecionando-as em função da estrutura e do objetivo do texto.;objeto_conhecimento
Inglês;Ensino Fundamental II;6º ano;Produção de textos escritos, em formatos diversos, com a mediação do professor;EF06LI15;Produzir textos escritos em língua inglesa (histórias em quadrinhos, cartazes, chats, blogues, agendas, fotolegendas, entre outros), sobre si mesmo, sua família, seus amigos, gostos, preferências e rotinas, sua comunidade e seu contexto escolar.;objeto_conhecimento
Inglês;Ensino Fundamental II;6º ano;Construção de repertório lexical;EF06LI16;Construir repertório relativo às expressões usadas para o convívio social e o uso da língua inglesa em sala de aula.;objeto_conhecimento
Inglês;Ensino Fundamental II;6º ano;Construção de repertório lexical;EF06LI17;Construir repertório lexical relativo a temas familiares (escola, família, rotina diária, atividades de lazer, esportes, entre outros).;objeto_conhecimento
Inglês;Ensino Fundamental II;6º ano;Pronúncia;EF06LI18;Reconhecer semelhanças e diferenças na pronúncia de palavras da língua inglesa e da língua materna e/ou outras línguas conhecidas.;objeto_conhecimento
Inglês;Ensino Fundamental II;6º ano;Presente simples e contínuo (formas afirmativa, negativa e interrogativa);EF06LI19;Utilizar o presente do indicativo para identificar pessoas (verbo to be) e descrever rotinas diárias.;objeto_conhecimento
Inglês;Ensino Fundamental II;6º ano;Presente simples e contínuo (formas afirmativa, negativa e interrogativa);EF06LI20;Utilizar o presente contínuo para descrever ações em progresso.;objeto_conhecimento
Inglês;Ensino Fundamental II;6º ano;Imperativo;EF06LI21;Reconhecer o uso do imperativo em enunciados de atividades, comandos e instruções.;objeto_conhecimento
Inglês;Ensino Fundamental II;6º ano;Caso genitivo (‘s);EF06LI22;Descrever relações por meio do uso de apóstrofo (’) + s.;objeto_conhecimento
Inglês;Ensino Fundamental II;6º ano;Adjetivos possessivos;EF06LI23;Empregar, de forma inteligível, os adjetivos possessivos.;objeto_conhecimento
Inglês;Ensino Fundamental II;6º ano;Países que têm a língua inglesa como língua materna e/ou oficial;EF06LI24;Investigar o alcance da língua inglesa no mundo: como língua materna e/ou oficial (primeira ou segunda língua).;objeto_conhecimento
Inglês;Ensino Fundamental II;6º ano;Presença da língua inglesa no cotidiano;EF06LI25;Identificar a presença da língua inglesa na sociedade brasileira/comunidade (palavras, expressões, suportes e esferas de circulação e consumo) e seu significado.;objeto_conhecimento
Inglês;Ensino Fundamental II;6º ano;Presença da língua inglesa no cotidiano;EF06LI26;Avaliar, problematizando elementos/produtos culturais de países de língua inglesa absorvidos pela sociedade brasileira/comunidade.;objeto_conhecimento
Língua Portuguesa;Ensino Fundamental II;6º ano;Reconstrução do contexto de produção, circulação e recepção de textos;EF06LP01;Reconhecer a impossibilidade de uma neutralidade absoluta no relato de fatos e identificar diferentes graus de parcialidade/ imparcialidade dados pelo recorte feito e pelos efeitos de sentido advindos de escolhas feitas pelo autor, de forma a poder desenvolver uma atitude crítica frente aos textos jornalísticos e tornar-se consciente das escolhas feitas enquanto produtor de textos.;objeto_conhecimento
Língua Portuguesa;Ensino Fundamental II;6º ano;Reconstrução do contexto de produção, circulação e recepção de textos;EF06LP02;Estabelecer relação entre os diferentes gêneros jornalísticos, compreendendo a centralidade da notícia.;objeto_conhecimento
Língua Portuguesa;Ensino Fundamental II;6º ano;Léxico/morfologia;EF06LP03;Analisar diferenças de sentido entre palavras de uma série sinonímica.;objeto_conhecimento
Língua Portuguesa;Ensino Fundamental II;6º ano;Morfossintaxe;EF06LP04;Analisar a função e as flexões de substantivos e adjetivos e de verbos nos modos Indicativo, Subjuntivo e Imperativo: afirmativo e negativo.;objeto_conhecimento
Língua Portuguesa;Ensino Fundamental II;6º ano;Morfossintaxe;EF06LP05;Identificar os efeitos de sentido dos modos verbais, considerando o gênero textual e a intenção comunicativa.;objeto_conhecimento
Língua Portuguesa;Ensino Fundamental II;6º ano;Morfossintaxe;EF06LP06;Empregar, adequadamente, as regras de concordância nominal (relações entre os substantivos e seus determinantes) e as regras de concordância verbal (relações entre o verbo e o sujeito simples e composto).;objeto_conhecimento
Língua Portuguesa;Ensino Fundamental II;6º ano;Morfossintaxe;EF06LP07;Identificar, em textos, períodos compostos por orações separadas por vírgula sem a utilização de conectivos, nomeando-os como períodos compostos por coordenação.;objeto_conhecimento
Língua Portuguesa;Ensino Fundamental II;6º ano;Morfossintaxe;EF06LP08;Identificar, em texto ou sequência textual, orações como unidades constituídas em torno de um núcleo verbal e períodos como conjunto de orações conectadas.;objeto_conhecimento
Língua Portuguesa;Ensino Fundamental II;6º ano;Morfossintaxe;EF06LP09;Classificar, em texto ou sequência textual, os períodos simples compostos.;objeto_conhecimento
Língua Portuguesa;Ensino Fundamental II;6º ano;Sintaxe;EF06LP10;Identificar sintagmas nominais e verbais como constituintes imediatos da oração.;objeto_conhecimento
Língua Portuguesa;Ensino Fundamental II;6º ano;Elementos notacionais da escrita/morfossintaxe;EF06LP11;Utilizar, ao produzir texto, conhecimentos linguísticos e gramaticais: tempos verbais, concordância nominal e verbal, regras ortográficas, pontuação etc.;objeto_conhecimento
Língua Portuguesa;Ensino Fundamental II;6º ano;Semântica Coesão;EF06LP12;Utilizar, ao produzir texto, recursos de coesão referencial (nome e pronomes), recursos semânticos de sinonímia, antonímia e homonímia e mecanismos de representação de diferentes vozes (discurso direto e indireto).;objeto_conhecimento
Língua Portuguesa;Ensino Fundamental II;6º ano;Reconstrução do contexto de produção, circulação e recepção de textos;EF67LP01;Analisar a estrutura e funcionamento dos hiperlinks em textos noticiosos publicados na Web e vislumbrar possibilidades de uma escrita hipertextual.;objeto_conhecimento
Língua Portuguesa;Ensino Fundamental II;6º ano;Apreciação e réplica;EF67LP02;Explorar o espaço reservado ao leitor nos jornais, revistas, impressos e on-line, sites noticiosos etc., destacando notícias, fotorreportagens, entrevistas, charges, assuntos, temas, debates em foco, posicionando-se de maneira ética e respeitosa frente a esses textos e opiniões a eles relacionadas, e publicar notícias, notas jornalísticas, fotorreportagem de interesse geral nesses espaços do leitor.;objeto_conhecimento
Língua Portuguesa;Ensino Fundamental II;6º ano;Relação entre textos;EF67LP03;Comparar informações sobre um mesmo fato divulgadas em diferentes veículos e mídias, analisando e avaliando a confiabilidade.;objeto_conhecimento
Língua Portuguesa;Ensino Fundamental II;6º ano;Estratégia de leitura Distinção de fato e opinião;EF67LP04;Distinguir, em segmentos descontínuos de textos, fato da opinião enunciada em relação a esse mesmo fato.;objeto_conhecimento
Língua Portuguesa;Ensino Fundamental II;6º ano;Estratégia de leitura: identificação de teses e argumentos;EF67LP05;Identificar e avaliar teses/opiniões/posicionamentos explícitos e argumentos em textos argumentativos (carta de leitor, comentário, artigo de opinião, resenha crítica etc.), manifestando concordância ou discordância.;objeto_conhecimento
Língua Portuguesa;Ensino Fundamental II;6º ano;Efeitos de sentido;EF67LP06;Identificar os efeitos de sentido provocados pela seleção lexical, topicalização de elementos e seleção e hierarquização de informações, uso de 3ª pessoa etc.;objeto_conhecimento
Língua Portuguesa;Ensino Fundamental II;6º ano;Efeitos de sentido;EF67LP07;Identificar o uso de recursos persuasivos em textos argumentativos diversos (como a elaboração do título, escolhas lexicais, construções metafóricas, a explicitação ou a ocultação de fontes de informação) e perceber seus efeitos de sentido.;objeto_conhecimento
Língua Portuguesa;Ensino Fundamental II;6º ano;Efeitos de sentido Exploração da multissemiose;EF67LP08;Identificar os efeitos de sentido devidos à escolha de imagens estáticas, sequenciação ou sobreposição de imagens, definição de figura/fundo, ângulo, profundidade e foco, cores/tonalidades, relação com o escrito (relações de reiteração, complementação ou oposição) etc. em notícias, reportagens, fotorreportagens, foto-denúncias, memes, gifs, anúncios publicitários e propagandas publicados em jornais, revistas, sites na internet etc.;objeto_conhecimento
Língua Portuguesa;Ensino Fundamental II;6º ano;Estratégias de produção: planejamento de textos informativos;EF67LP09;Planejar notícia impressa e para circulação em outras mídias (rádio ou TV/vídeo), tendo em vista as condições de produção, do texto – objetivo, leitores/espectadores, veículos e mídia de circulação etc. –, a partir da escolha do fato a ser noticiado (de relevância para a turma, escola ou comunidade), do levantamento de dados e informações sobre o fato – que pode envolver entrevistas com envolvidos ou com especialistas, consultas a fontes, análise de documentos, cobertura de eventos etc.–, do registro dessas informações e dados, da escolha de fotos ou imagens a produzir ou a utilizar etc. e a previsão de uma estrutura hipertextual (no caso de publicação em sites ou blogs noticiosos).;objeto_conhecimento
Língua Portuguesa;Ensino Fundamental II;6º ano;Textualização, tendo em vista suas condições de produção, as características do gênero em questão, o estabelecimento de coesão,;EF67LP10;Produzir notícia impressa tendo em vista características do gênero – título ou manchete com verbo no tempo presente, linha fina (opcional), lide, progressão dada pela ordem decrescente de importância dos fatos, uso de 3ª pessoa, de palavras que indicam precisão –, e o estabelecimento adequado de coesão e produzir notícia para TV, rádio e internet, tendo em vista, além das características do gênero, os recursos de mídias disponíveis e o manejo de recursos de captação e edição de áudio e imagem.;objeto_conhecimento
Língua Portuguesa;Ensino Fundamental II;6º ano;Estratégias de produção: planejamento de textos argumentativos e apreciativos;EF67LP11;Planejar resenhas, vlogs, vídeos e podcasts variados, e textos e vídeos de apresentação e apreciação próprios das culturas juvenis (algumas possibilidades: fanzines, fanclipes, e-zines, gameplay, detonado etc.), dentre outros, tendo em vista as condições de produção do texto – objetivo, leitores/espectadores, veículos e mídia de circulação etc. –, a partir da escolha de uma produção ou evento cultural para analisar – livro, filme, série, game, canção, videoclipe, fanclipe, show, saraus, slams etc. – da busca de informação sobre a produção ou evento escolhido, da síntese de informações sobre a obra/evento e do elenco/seleção de aspectos, elementos ou recursos que possam ser destacados positiva ou negativamente ou da roteirização do passo a passo do game para posterior gravação dos vídeos.;objeto_conhecimento
Língua Portuguesa;Ensino Fundamental II;6º ano;Textualização de textos argumentativos e apreciativos;EF67LP12;Produzir resenhas críticas, vlogs, vídeos, podcasts variados e produções e gêneros próprios das culturas juvenis (algumas possibilidades: fanzines, fanclipes, e-zines, gameplay, detonado etc.), que apresentem/descrevam e/ou avaliem produções culturais (livro, filme, série, game, canção, disco, videoclipe etc.) ou evento (show, sarau, slam etc.), tendo em vista o contexto de produção dado, as características do gênero, os recursos das mídias envolvidas e a textualização adequada dos textos e/ou produções.;objeto_conhecimento
Língua Portuguesa;Ensino Fundamental II;6º ano;Produção e edição de textos publicitários;EF67LP13;Produzir, revisar e editar textos publicitários, levando em conta o contexto de produção dado, explorando recursos multissemióticos, relacionando elementos verbais e visuais, utilizando adequadamente estratégias discursivas de persuasão e/ou convencimento e criando título ou slogan que façam o leitor motivar-se a interagir com o texto produzido e se sinta atraído pelo serviço, ideia ou produto em questão.;objeto_conhecimento
Língua Portuguesa;Ensino Fundamental II;6º ano;Planejamento e produção de entrevistas orais;EF67LP14;Definir o contexto de produção da entrevista (objetivos, o que se pretende conseguir, porque aquele entrevistado etc.), levantar informações sobre o entrevistado e sobre o acontecimento ou tema em questão, preparar o roteiro de perguntar e realizar entrevista oral com envolvidos ou especialistas relacionados com o fato noticiado ou com o tema em pauta, usando roteiro previamente elaborado e formulando outras perguntas a partir das respostas dadas e, quando for o caso, selecionar partes, transcrever e proceder a uma edição escrita do texto, adequando-o a seu contexto de publicação, à construção composicional do gênero e garantindo a relevância das informações mantidas e a continuidade temática.;objeto_conhecimento
Língua Portuguesa;Ensino Fundamental II;6º ano;Estratégias e procedimentos de leitura em textos legais e normativos;EF67LP15;Identificar a proibição imposta ou o direito garantido, bem como as circunstâncias de sua aplicação, em artigos relativos a normas, regimentos escolares, regimentos e estatutos da sociedade civil, regulamentações para o mercado publicitário, Código de Defesa do Consumidor, Código Nacional de Trânsito, ECA, Constituição, dentre outros.;objeto_conhecimento
Língua Portuguesa;Ensino Fundamental II;6º ano;Contexto de produção, circulação e recepção de textos e práticas relacionadas à defesa de direitos e à participação social;EF67LP16;Explorar e analisar espaços de reclamação de direitos e de envio de solicitações (tais como ouvidorias, SAC, canais ligados a órgãos públicos, plataformas do consumidor, plataformas de reclamação), bem como de textos pertencentes a gêneros que circulam nesses espaços, reclamação ou carta de reclamação, solicitação ou carta de solicitação, como forma de ampliar as possibilidades de produção desses textos em casos que remetam a reivindicações que envolvam a escola, a comunidade ou algum de seus membros como forma de se engajar na busca de solução de problemas pessoais, dos outros e coletivos.;objeto_conhecimento
Língua Portuguesa;Ensino Fundamental II;6º ano;Relação entre contexto de produção e características composicionais e estilísticas dos gêneros (carta de solicitação, carta de reclamação, petição on-line, carta aberta, abaixo-assinado, proposta etc.);EF67LP17;Analisar, a partir do contexto de produção, a forma de organização das cartas de solicitação e de reclamação (datação, forma de início, apresentação contextualizada do pedido ou da reclamação, em geral, acompanhada de explicações, argumentos e/ou relatos do problema, fórmula de finalização mais ou menos cordata, dependendo do tipo de carta e subscrição) e algumas das marcas linguísticas relacionadas à argumentação, explicação ou relato de fatos, como forma de possibilitar a escrita fundamentada de cartas como essas ou de postagens em canais próprios de reclamações e solicitações em situações que envolvam questões relativas à escola, à comunidade ou a algum dos seus membros.;objeto_conhecimento
Língua Portuguesa;Ensino Fundamental II;6º ano;Estratégias, procedimentos de leitura em textos reivindicatórios ou propositivos;EF67LP18;Identificar o objeto da reclamação e/ou da solicitação e sua sustentação, explicação ou justificativa, de forma a poder analisar a pertinência da solicitação ou justificação.;objeto_conhecimento
Língua Portuguesa;Ensino Fundamental II;6º ano;Estratégia de produção: planejamento de textos reivindicatórios ou propositivos;EF67LP19;Realizar levantamento de questões, problemas que requeiram a denúncia de desrespeito a direitos, reivindicações, reclamações, solicitações que contemplem a comunidade escolar ou algum de seus membros e examinar normas e legislações.;objeto_conhecimento
Língua Portuguesa;Ensino Fundamental II;6º ano;Curadoria de informação;EF67LP20;Realizar pesquisa, a partir de recortes e questões definidos previamente, usando fontes indicadas e abertas.;objeto_conhecimento
Língua Portuguesa;Ensino Fundamental II;6º ano;Estratégias de escrita: textualização, revisão e edição;EF67LP21;Divulgar resultados de pesquisas por meio de apresentações orais, painéis, artigos de divulgação científica, verbetes de enciclopédia, podcasts científicos etc.;objeto_conhecimento
Língua Portuguesa;Ensino Fundamental II;6º ano;Estratégias de escrita: textualização, revisão e edição;EF67LP22;Produzir resumos, a partir das notas e/ou esquemas feitos, com o uso adequado de paráfrases e citações.;objeto_conhecimento
Língua Portuguesa;Ensino Fundamental II;6º ano;Conversação espontânea;EF67LP23;Respeitar os turnos de fala, na participação em conversações e em discussões ou atividades coletivas, na sala de aula e na escola e formular perguntas coerentes e adequadas em momentos oportunos em situações de aulas, apresentação oral, seminário etc.;objeto_conhecimento
Língua Portuguesa;Ensino Fundamental II;6º ano;Procedimentos de apoio à compreensão Tomada de nota;EF67LP24;Tomar nota de aulas, apresentações orais, entrevistas (ao vivo, áudio, TV, vídeo), identificando e hierarquizando as informações principais, tendo em vista apoiar o estudo e a produção de sínteses e reflexões pessoais ou outros objetivos em questão.;objeto_conhecimento
Língua Portuguesa;Ensino Fundamental II;6º ano;Textualização Progressão temática;EF67LP25;Reconhecer e utilizar os critérios de organização tópica (do geral para o específico, do específico para o geral etc.), as marcas linguísticas dessa organização (marcadores de ordenação e enumeração, de explicação, definição e exemplificação, por exemplo) e os mecanismos de paráfrase, de maneira a organizar mais adequadamente a coesão e a progressão temática de seus textos.;objeto_conhecimento
Língua Portuguesa;Ensino Fundamental II;6º ano;Textualização;EF67LP26;Reconhecer a estrutura de hipertexto em textos de divulgação científica e proceder à remissão a conceitos e relações por meio de notas de rodapés ou boxes.;objeto_conhecimento
Língua Portuguesa;Ensino Fundamental II;6º ano;Relação entre textos;EF67LP27;Analisar, entre os textos literários e entre estes e outras manifestações artísticas (como cinema, teatro, música, artes visuais e midiáticas), referências explícitas ou implícitas a outros textos, quanto aos temas, personagens e recursos literários e semióticos;objeto_conhecimento
Língua Portuguesa;Ensino Fundamental II;6º ano;Estratégias de leitura Apreciação e réplica;EF67LP28;Ler, de forma autônoma, e compreender – selecionando procedimentos e estratégias de leitura adequados a diferentes objetivos e levando em conta características dos gêneros e suportes –, romances infantojuvenis, contos populares, contos de terror, lendas brasileiras, indígenas e africanas, narrativas de aventuras, narrativas de enigma, mitos, crônicas, autobiografias, histórias em quadrinhos, mangás, poemas de forma livre e fixa (como sonetos e cordéis), vídeo-poemas, poemas visuais, dentre outros, expressando avaliação sobre o texto lido e estabelecendo preferências por gêneros, temas, autores.;objeto_conhecimento
Língua Portuguesa;Ensino Fundamental II;6º ano;Reconstrução da textualidade;EF67LP29;Identificar, em texto dramático, personagem, ato, cena, fala e indicações cênicas e a organização do texto: enredo, conflitos, ideias principais, pontos de vista, universos de referência.;objeto_conhecimento
Língua Portuguesa;Ensino Fundamental II;6º ano;Construção da textualidade Relação entre textos;EF67LP30;Criar narrativas ficcionais, tais como contos populares, contos de suspense, mistério, terror, humor, narrativas de enigma, crônicas, histórias em quadrinhos, dentre outros, que utilizem cenários e personagens realistas ou de fantasia, observando os elementos da estrutura narrativa próprios ao gênero pretendido, tais como enredo, personagens, tempo, espaço e narrador, utilizando tempos verbais adequados à narração de fatos passados, empregando conhecimentos sobre diferentes modos de se iniciar uma história e de inserir os discursos direto e indireto.;objeto_conhecimento
Língua Portuguesa;Ensino Fundamental II;6º ano;Construção da textualidade Relação entre textos;EF67LP31;Criar poemas compostos por versos livres e de forma fixa (como quadras e sonetos), utilizando recursos visuais, semânticos e sonoros, tais como cadências, ritmos e rimas, e poemas visuais e vídeo-poemas, explorando as relações entre imagem e texto verbal, a distribuição da mancha gráfica (poema visual) e outros recursos visuais e sonoros.;objeto_conhecimento
Língua Portuguesa;Ensino Fundamental II;6º ano;Fono-ortografia;EF67LP32;Escrever palavras com correção ortográfica, obedecendo as convenções da língua escrita.;objeto_conhecimento
Língua Portuguesa;Ensino Fundamental II;6º ano;Elementos notacionais da escrita;EF67LP33;Pontuar textos adequadamente.;objeto_conhecimento
Língua Portuguesa;Ensino Fundamental II;6º ano;Léxico/morfologia;EF67LP34;Formar antônimos com acréscimo de prefixos que expressam noção de negação.;objeto_conhecimento
Língua Portuguesa;Ensino Fundamental II;6º ano;Léxico/morfologia;EF67LP35;Distinguir palavras derivadas por acréscimo de afixos e palavras compostas.;objeto_conhecimento
Língua Portuguesa;Ensino Fundamental II;6º ano;Coesão;EF67LP36;Utilizar, ao produzir texto, recursos de coesão referencial (léxica e pronominal) e sequencial e outros recursos expressivos adequados ao gênero textual.;objeto_conhecimento
Língua Portuguesa;Ensino Fundamental II;6º ano;Sequências textuais;EF67LP37;Analisar, em diferentes textos, os efeitos de sentido decorrentes do uso de recursos linguístico-discursivos de prescrição, causalidade, sequências descritivas e expositivas e ordenação de eventos.;objeto_conhecimento
Língua Portuguesa;Ensino Fundamental II;6º ano;Figuras de linguagem;EF67LP38;Analisar os efeitos de sentido do uso de figuras de linguagem, como comparação, metáfora, metonímia, personificação, hipérbole, dentre outras.;objeto_conhecimento
Língua Portuguesa;Ensino Fundamental II;6º ano;Apreciação e réplica;EF69LP01;Diferenciar liberdade de expressão de discursos de ódio, posicionando-se contrariamente a esse tipo de discurso e vislumbrando possibilidades de denúncia quando for o caso.;objeto_conhecimento
Língua Portuguesa;Ensino Fundamental II;6º ano;Apreciação e réplica;EF69LP02;Analisar e comparar peças publicitárias variadas (cartazes, folhetos, outdoor, anúncios e propagandas em diferentes mídias, spots, jingle, vídeos etc.), de forma a perceber a articulação entre elas em campanhas, as especificidades das várias semioses e mídias, a adequação dessas peças ao público-alvo, aos objetivos do anunciante e/ou da campanha e à construção composicional e estilo dos gêneros em questão, como forma de ampliar suas possibilidades de compreensão (e produção) de textos pertencentes a esses gêneros.;objeto_conhecimento
Língua Portuguesa;Ensino Fundamental II;6º ano;Estratégia de leitura: apreender os sentidos globais do texto;EF69LP03;"Identificar, em notícias, o fato central, suas principais circunstâncias e eventuais decorrências; em reportagens e fotorreportagens o fato ou a temática retratada e a perspectiva de abordagem, em entrevistas os principais temas/subtemas abordados, explicações dadas ou teses defendidas em relação a esses subtemas; em tirinhas, memes, charge, a crítica, ironia ou humor presente.";objeto_conhecimento
Língua Portuguesa;Ensino Fundamental II;6º ano;Efeitos de sentido;EF69LP04;Identificar e analisar os efeitos de sentido que fortalecem a persuasão nos textos publicitários, relacionando as estratégias de persuasão e apelo ao consumo com os recursos linguístico-discursivos utilizados, como imagens, tempo verbal, jogos de palavras, figuras de linguagem etc., com vistas a fomentar práticas de consumo conscientes.;objeto_conhecimento
Língua Portuguesa;Ensino Fundamental II;6º ano;Efeitos de sentido;EF69LP05;Inferir e justificar, em textos multissemióticos – tirinhas, charges, memes, gifs etc. –, o efeito de humor, ironia e/ou crítica pelo uso ambíguo de palavras, expressões ou imagens ambíguas, de clichês, de recursos iconográficos, de pontuação etc.;objeto_conhecimento
Língua Portuguesa;Ensino Fundamental II;6º ano;Relação do texto com o contexto de produção e experimentação de papéis sociais;EF69LP06;Produzir e publicar notícias, fotodenúncias, fotorreportagens, reportagens, reportagens multimidiáticas, infográficos, podcasts noticiosos, entrevistas, cartas de leitor, comentários, artigos de opinião de interesse local ou global, textos de apresentação e apreciação de produção cultural – resenhas e outros próprios das formas de expressão das culturas juvenis, tais como vlogs e podcasts culturais, gameplay, detonado etc.– e cartazes, anúncios, propagandas, spots, jingles de campanhas sociais, dentre outros em várias mídias, vivenciando de forma significativa o papel de repórter, de comentador, de analista, de crítico, de editor ou articulista, de booktuber, de vlogger (vlogueiro) etc., como forma de compreender as condições de produção que envolvem a circulação desses textos e poder participar e vislumbrar possibilidades de participação nas práticas de linguagem do campo jornalístico e do campo midiático de forma ética e responsável, levando-se em consideração o contexto da Web 2.0, que amplia a possibilidade de circulação desses textos e “funde” os papéis de leitor e autor, de consumidor e produtor.;objeto_conhecimento
Língua Portuguesa;Ensino Fundamental II;6º ano;Textualização;EF69LP07;"Produzir textos em diferentes gêneros, considerando sua adequação ao contexto produção e circulação – os enunciadores envolvidos, os objetivos, o gênero, o suporte, a circulação -, ao modo (escrito ou oral; imagem estática ou em movimento etc.), à variedade linguística e/ou semiótica apropriada a esse contexto, à construção da textualidade relacionada às propriedades textuais e do gênero), utilizando estratégias de planejamento, elaboração, revisão, edição, reescrita/redesign e avaliação de textos, para, com a ajuda do professor e a colaboração dos colegas, corrigir e aprimorar as produções realizadas, fazendo cortes, acréscimos, reformulações, correções de concordância, ortografia, pontuação em textos e editando imagens, arquivos sonoros, fazendo cortes, acréscimos, ajustes, acrescentando/ alterando efeitos, ordenamentos etc.";objeto_conhecimento
Língua Portuguesa;Ensino Fundamental II;6º ano;Revisão/edição de texto informativo e opinativo;EF69LP08;Revisar/editar o texto produzido – notícia, reportagem, resenha, artigo de opinião, dentre outros –, tendo em vista sua adequação ao contexto de produção, a mídia em questão, características do gênero, aspectos relativos à textualidade, a relação entre as diferentes semioses, a formatação e uso adequado das ferramentas de edição (de texto, foto, áudio e vídeo, dependendo do caso) e adequação à norma culta.;objeto_conhecimento
Língua Portuguesa;Ensino Fundamental II;6º ano;Planejamento de textos de peças publicitárias de campanhas sociais;EF69LP09;Planejar uma campanha publicitária sobre questões/problemas, temas, causas significativas para a escola e/ou comunidade, a partir de um levantamento de material sobre o tema ou evento, da definição do público-alvo, do texto ou peça a ser produzido – cartaz, banner, folheto, panfleto, anúncio impresso e para internet, spot, propaganda de rádio, TV etc. –, da ferramenta de edição de texto, áudio ou vídeo que será utilizada, do recorte e enfoque a ser dado, das estratégias de persuasão que serão utilizadas etc.;objeto_conhecimento
Língua Portuguesa;Ensino Fundamental II;6º ano;Produção de textos jornalísticos orais;EF69LP10;Produzir notícias para rádios, TV ou vídeos, podcasts noticiosos e de opinião, entrevistas, comentários, vlogs, jornais radiofônicos e televisivos, dentre outros possíveis, relativos a fato e temas de interesse pessoal, local ou global e textos orais de apreciação e opinião – podcasts e vlogs noticiosos, culturais e de opinião, orientando-se por roteiro ou texto, considerando o contexto de produção e demonstrando domínio dos gêneros.;objeto_conhecimento
Língua Portuguesa;Ensino Fundamental II;6º ano;Produção de textos jornalísticos orais;EF69LP11;Identificar e analisar posicionamentos defendidos e refutados na escuta de interações polêmicas em entrevistas, discussões e debates (televisivo, em sala de aula, em redes sociais etc.), entre outros, e se posicionar frente a eles.;objeto_conhecimento
Língua Portuguesa;Ensino Fundamental II;6º ano;Planejamento e produção de textos jornalísticos orais;EF69LP12;Desenvolver estratégias de planejamento, elaboração, revisão, edição, reescrita/ redesign (esses três últimos quando não for situação ao vivo) e avaliação de textos orais, áudio e/ou vídeo, considerando sua adequação aos contextos em que foram produzidos, à forma composicional e estilo de gêneros, a clareza, progressão temática e variedade linguística empregada, os elementos relacionados à fala, tais como modulação de voz, entonação, ritmo, altura e intensidade, respiração etc., os elementos cinésicos, tais como postura corporal, movimentos e gestualidade significativa, expressão facial, contato de olho com plateia etc.;objeto_conhecimento
Língua Portuguesa;Ensino Fundamental II;6º ano;Participação em discussões orais de temas controversos de interesse da turma e/ou de relevância social;EF69LP13;Engajar-se e contribuir com a busca de conclusões comuns relativas a problemas, temas ou questões polêmicas de interesse da turma e/ou de relevância social.;objeto_conhecimento
Língua Portuguesa;Ensino Fundamental II;6º ano;Participação em discussões orais de temas controversos de interesse da turma e/ou de relevância social;EF69LP14;Formular perguntas e decompor, com a ajuda dos colegas e dos professores, tema/questão polêmica, explicações e ou argumentos relativos ao objeto de discussão para análise mais minuciosa e buscar em fontes diversas informações ou dados que permitam analisar partes da questão e compartilhá-los com a turma.;objeto_conhecimento
Língua Portuguesa;Ensino Fundamental II;6º ano;Participação em discussões orais de temas controversos de interesse da turma e/ou de relevância social;EF69LP15;Apresentar argumentos e contra-argumentos coerentes, respeitando os turnos de fala, na participação em discussões sobre temas controversos e/ou polêmicos.;objeto_conhecimento
Língua Portuguesa;Ensino Fundamental II;6º ano;Construção composicional;EF69LP16;Analisar e utilizar as formas de composição dos gêneros jornalísticos da ordem do relatar, tais como notícias (pirâmide invertida no impresso X blocos noticiosos hipertextuais e hipermidiáticos no digital, que também pode contar com imagens de vários tipos, vídeos, gravações de áudio etc.), da ordem do argumentar, tais como artigos de opinião e editorial (contextualização, defesa de tese/opinião e uso de argumentos) e das entrevistas: apresentação e contextualização do entrevistado e do tema, estrutura pergunta e resposta etc.;objeto_conhecimento
Língua Portuguesa;Ensino Fundamental II;6º ano;Estilo;EF69LP17;"Perceber e analisar os recursos estilísticos e semióticos dos gêneros jornalísticos e publicitários, os aspectos relativos ao tratamento da informação em notícias, como a ordenação dos eventos, as escolhas lexicais, o efeito de imparcialidade do relato, a morfologia do verbo, em textos noticiosos e argumentativos, reconhecendo marcas de pessoa, número, tempo, modo, a distribuição dos verbos nos gêneros textuais (por exemplo, as formas de pretérito em relatos; as formas de presente e futuro em gêneros argumentativos; as formas de imperativo em gêneros publicitários), o uso de recursos persuasivos em textos argumentativos diversos (como a elaboração do título, escolhas lexicais, construções metafóricas, a explicitação ou a ocultação de fontes de informação) e as estratégias de persuasão e apelo ao consumo com os recursos linguístico-discursivos utilizados (tempo verbal, jogos de palavras, metáforas, imagens).";objeto_conhecimento
Língua Portuguesa;Ensino Fundamental II;6º ano;Estilo;EF69LP18;Utilizar, na escrita/reescrita de textos argumentativos, recursos linguísticos que marquem as relações de sentido entre parágrafos e enunciados do texto e operadores de conexão adequados aos tipos de argumento e à forma de composição de textos argumentativos, de maneira a garantir a coesão, a coerência e a progressão temática nesses textos (“primeiramente, mas, no entanto, em primeiro/segundo/terceiro lugar, finalmente, em conclusão” etc.).;objeto_conhecimento
Língua Portuguesa;Ensino Fundamental II;6º ano;Efeito de sentido;EF69LP19;Analisar, em gêneros orais que envolvam argumentação, os efeitos de sentido de elementos típicos da modalidade falada, como a pausa, a entonação, o ritmo, a gestualidade e expressão facial, as hesitações etc.;objeto_conhecimento
Língua Portuguesa;Ensino Fundamental II;6º ano;Reconstrução das condições de produção e circulação e adequação do texto à construção composicional e ao estilo de gênero;EF69LP20;Identificar, tendo em vista o contexto de produção, a forma de organização dos textos normativos e legais, a lógica de hierarquização de seus itens e subitens e suas partes: parte inicial (título – nome e data – e ementa), blocos de artigos (parte, livro, capítulo, seção, subseção), artigos (caput e parágrafos e incisos) e parte final (disposições pertinentes à sua implementação) e analisar efeitos de sentido causados pelo uso de vocabulário técnico, pelo uso do imperativo, de palavras e expressões que indicam circunstâncias, como advérbios e locuções adverbiais, de palavras que indicam generalidade, como alguns pronomes indefinidos, de forma a poder compreender o caráter imperativo, coercitivo e generalista das leis e de outras formas de regulamentação.;objeto_conhecimento
Língua Portuguesa;Ensino Fundamental II;6º ano;Apreciação e réplica;EF69LP21;Posicionar-se em relação a conteúdos veiculados em práticas não institucionalizadas de participação social, sobretudo àquelas vinculadas a manifestações artísticas, produções culturais, intervenções urbanas e práticas próprias das culturas juvenis que pretendam denunciar, expor uma problemática ou “convocar” para uma reflexão/ação, relacionando esse texto/produção com seu contexto de produção e relacionando as partes e semioses presentes para a construção de sentidos.;objeto_conhecimento
Língua Portuguesa;Ensino Fundamental II;6º ano;Textualização, revisão e edição;EF69LP22;Produzir, revisar e editar textos reivindicatórios ou propositivos sobre problemas que afetam a vida escolar ou da comunidade, justificando pontos de vista, reivindicações e detalhando propostas (justificativa, objetivos, ações previstas etc.), levando em conta seu contexto de produção e as características dos gêneros em questão.;objeto_conhecimento
Língua Portuguesa;Ensino Fundamental II;6º ano;Textualização, revisão e edição;EF69LP23;Contribuir com a escrita de textos normativos, quando houver esse tipo de demanda na escola – regimentos e estatutos de organizações da sociedade civil do âmbito da atuação das crianças e jovens (grêmio livre, clubes de leitura, associações culturais etc.) – e de regras e regulamentos nos vários âmbitos da escola – campeonatos, festivais, regras de convivência etc., levando em conta o contexto de produção e as características dos gêneros em questão.;objeto_conhecimento
Língua Portuguesa;Ensino Fundamental II;6º ano;Discussão oral;EF69LP24;Discutir casos, reais ou simulações, submetidos a juízo, que envolvam (supostos) desrespeitos a artigos, do ECA, do Código de Defesa do Consumidor, do Código Nacional de Trânsito, de regulamentações do mercado publicitário etc., como forma de criar familiaridade com textos legais – seu vocabulário, formas de organização, marcas de estilo etc. -, de maneira a facilitar a compreensão de leis, fortalecer a defesa de direitos, fomentar a escrita de textos normativos (se e quando isso for necessário) e possibilitar a compreensão do caráter interpretativo das leis e as várias perspectivas que podem estar em jogo.;objeto_conhecimento
Língua Portuguesa;Ensino Fundamental II;6º ano;Discussão oral;EF69LP25;Posicionar-se de forma consistente e sustentada em uma discussão, assembleia, reuniões de colegiados da escola, de agremiações e outras situações de apresentação de propostas e defesas de opiniões, respeitando as opiniões contrárias e propostas alternativas e fundamentando seus posicionamentos, no tempo de fala previsto, valendo-se de sínteses e propostas claras e justificadas.;objeto_conhecimento
Língua Portuguesa;Ensino Fundamental II;6º ano;Registro;EF69LP26;Tomar nota em discussões, debates, palestras, apresentação de propostas, reuniões, como forma de documentar o evento e apoiar a própria fala (que pode se dar no momento do evento ou posteriormente, quando, por exemplo, for necessária a retomada dos assuntos tratados em outros contextos públicos, como diante dos representados).;objeto_conhecimento
Língua Portuguesa;Ensino Fundamental II;6º ano;Análise de textos legais/normativos, propositivos e reivindicatórios;EF69LP27;Analisar a forma composicional de textos pertencentes a gêneros normativos/ jurídicos e a gêneros da esfera política, tais como propostas, programas políticos (posicionamento quanto a diferentes ações a serem propostas, objetivos, ações previstas etc.), propaganda política (propostas e sua sustentação, posicionamento quanto a temas em discussão) e textos reivindicatórios: cartas de reclamação, petição (proposta, suas justificativas e ações a serem adotadas) e suas marcas linguísticas, de forma a incrementar a compreensão de textos pertencentes a esses gêneros e a possibilitar a produção de textos mais adequados e/ou fundamentados quando isso for requerido.;objeto_conhecimento
Língua Portuguesa;Ensino Fundamental II;6º ano;Modalização;EF69LP28;"Observar os mecanismos de modalização adequados aos textos jurídicos, as modalidades deônticas, que se referem ao eixo da conduta (obrigatoriedade/permissibilidade) como, por exemplo: Proibição: “Não se deve fumar em recintos fechados.”; Obrigatoriedade: “A vida tem que valer a pena.”; Possibilidade: “É permitido a entrada de menores acompanhados de adultos responsáveis”, e os mecanismos de modalização adequados aos textos políticos e propositivos, as modalidades apreciativas, em que o locutor exprime um juízo de valor (positivo ou negativo) acerca do que enuncia. Por exemplo: “Que belo discurso!”, “Discordo das escolhas de Antônio.” “Felizmente, o buraco ainda não causou acidentes mais graves.”";objeto_conhecimento
Língua Portuguesa;Ensino Fundamental II;6º ano;Reconstrução das condições de produção e recepção dos textos e adequação do texto à construção composicional e ao estilo de gênero;EF69LP29;Refletir sobre a relação entre os contextos de produção dos gêneros de divulgação científica – texto didático, artigo de divulgação científica, reportagem de divulgação científica, verbete de enciclopédia (impressa e digital), esquema, infográfico (estático e animado), relatório, relato multimidiático de campo, podcasts e vídeos variados de divulgação científica etc. – e os aspectos relativos à construção composicional e às marcas linguística características desses gêneros, de forma a ampliar suas possibilidades de compreensão (e produção) de textos pertencentes a esses gêneros.;objeto_conhecimento
Língua Portuguesa;Ensino Fundamental II;6º ano;Relação entre textos;EF69LP30;Comparar, com a ajuda do professor, conteúdos, dados e informações de diferentes fontes, levando em conta seus contextos de produção e referências, identificando coincidências, complementaridades e contradições, de forma a poder identificar erros/imprecisões conceituais, compreender e posicionar-se criticamente sobre os conteúdos e informações em questão.;objeto_conhecimento
Língua Portuguesa;Ensino Fundamental II;6º ano;Apreciação e réplica;EF69LP31;Utilizar pistas linguísticas – tais como “em primeiro/segundo/terceiro lugar”, “por outro lado”, “dito de outro modo”, isto é”, “por exemplo” – para compreender a hierarquização das proposições, sintetizando o conteúdo dos textos.;objeto_conhecimento
Língua Portuguesa;Ensino Fundamental II;6º ano;Estratégias e procedimentos de leitura Relação do verbal com outras semioses;EF69LP32;Selecionar informações e dados relevantes de fontes diversas (impressas, digitais, orais etc.), avaliando a qualidade e a utilidade dessas fontes, e organizar, esquematicamente, com ajuda do professor, as informações necessárias (sem excedê-las) com ou sem apoio de ferramentas digitais, em quadros, tabelas ou gráficos.;objeto_conhecimento
Língua Portuguesa;Ensino Fundamental II;6º ano;Estratégias e procedimentos de leitura Relação do verbal com outras semioses;EF69LP33;Articular o verbal com os esquemas, infográficos, imagens variadas etc. na (re)construção dos sentidos dos textos de divulgação científica e retextualizar do discursivo para o esquemático – infográfico, esquema, tabela, gráfico, ilustração etc. – e, ao contrário, transformar o conteúdo das tabelas, esquemas, infográficos, ilustrações etc. em texto discursivo, como forma de ampliar as possibilidades de compreensão desses textos e analisar as características das multissemioses e dos gêneros em questão.;objeto_conhecimento
Língua Portuguesa;Ensino Fundamental II;6º ano;Estratégias e procedimentos de leitura Relação do verbal com outras semioses;EF69LP34;Grifar as partes essenciais do texto, tendo em vista os objetivos de leitura, produzir marginálias (ou tomar notas em outro suporte), sínteses organizadas em itens, quadro sinóptico, quadro comparativo, esquema, resumo ou resenha do texto lido (com ou sem comentário/análise), mapa conceitual, dependendo do que for mais adequado, como forma de possibilitar uma maior compreensão do texto, a sistematização de conteúdos e informações e um posicionamento frente aos textos, se esse for o caso.;objeto_conhecimento
Língua Portuguesa;Ensino Fundamental II;6º ano;Consideração das condições de produção de textos de divulgação científica;EF69LP35;Planejar textos de divulgação científica, a partir da elaboração de esquema que considere as pesquisas feitas anteriormente, de notas e sínteses de leituras ou de registros de experimentos ou de estudo de campo, produzir, revisar e editar textos voltados para a divulgação do conhecimento e de dados e resultados de pesquisas, tais como artigo de divulgação científica, artigo de opinião, reportagem científica, verbete de enciclopédia, verbete de enciclopédia digital colaborativa , infográfico, relatório, relato de experimento científico, relato (multimidiático) de campo, tendo em vista seus contextos de produção, que podem envolver a disponibilização de informações e conhecimentos em circulação em um formato mais acessível para um público específico ou a divulgação de conhecimentos advindos de pesquisas bibliográficas, experimentos científicos e estudos de campo realizados.;objeto_conhecimento
Língua Portuguesa;Ensino Fundamental II;6º ano;Estratégias de escrita: textualização, revisão e edição;EF69LP36;Produzir, revisar e editar textos voltados para a divulgação do conhecimento e de dados e resultados de pesquisas, tais como artigos de divulgação científica, verbete de enciclopédia, infográfico, infográfico animado, podcast ou vlog científico, relato de experimento, relatório, relatório multimidiático de campo, dentre outros, considerando o contexto de produção e as regularidades dos gêneros em termos de suas construções composicionais e estilos.;objeto_conhecimento
Língua Portuguesa;Ensino Fundamental II;6º ano;Estratégias de produção;EF69LP37;Produzir roteiros para elaboração de vídeos de diferentes tipos (vlog científico, vídeo-minuto, programa de rádio, podcasts) para divulgação de conhecimentos científicos e resultados de pesquisa, tendo em vista seu contexto de produção, os elementos e a construção composicional dos roteiros.;objeto_conhecimento
Língua Portuguesa;Ensino Fundamental II;6º ano;Estratégias de produção: planejamento e produção de apresentações orais;EF69LP38;Organizar os dados e informações pesquisados em painéis ou slides de apresentação, levando em conta o contexto de produção, o tempo disponível, as características do gênero apresentação oral, a multissemiose, as mídias e tecnologias que serão utilizadas, ensaiar a apresentação, considerando também elementos paralinguísticos e cinésicos e proceder à exposição oral de resultados de estudos e pesquisas, no tempo determinado, a partir do planejamento e da definição de diferentes formas de uso da fala – memorizada, com apoio da leitura ou fala espontânea.;objeto_conhecimento
Língua Portuguesa;Ensino Fundamental II;6º ano;Estratégias de produção;EF69LP39;Definir o recorte temático da entrevista e o entrevistado, levantar informações sobre o entrevistado e sobre o tema da entrevista, elaborar roteiro de perguntas, realizar entrevista, a partir do roteiro, abrindo possibilidades para fazer perguntas a partir da resposta, se o contexto permitir, tomar nota, gravar ou salvar a entrevista e usar adequadamente as informações obtidas, de acordo com os objetivos estabelecidos.;objeto_conhecimento
Língua Portuguesa;Ensino Fundamental II;6º ano;Construção composicional;EF69LP40;Analisar, em gravações de seminários, conferências rápidas, trechos de palestras, dentre outros, a construção composicional dos gêneros de apresentação – abertura/saudação, introdução ao tema, apresentação do plano de exposição, desenvolvimento dos conteúdos, por meio do encadeamento de temas e subtemas (coesão temática), síntese final e/ou conclusão, encerramento –, os elementos paralinguísticos (tais como: tom e volume da voz, pausas e hesitações – que, em geral, devem ser minimizadas –, modulação de voz e entonação, ritmo, respiração etc.) e cinésicos (tais como: postura corporal, movimentos e gestualidade significativa, expressão facial, contato de olho com plateia, modulação de voz e entonação, sincronia da fala com ferramenta de apoio etc.), para melhor performar apresentações orais no campo da divulgação do conhecimento.;objeto_conhecimento
Língua Portuguesa;Ensino Fundamental II;6º ano;Usar adequadamente ferramentas de apoio a apresentações orais;EF69LP41;Usar adequadamente ferramentas de apoio a apresentações orais, escolhendo e usando tipos e tamanhos de fontes que permitam boa visualização, topicalizando e/ou organizando o conteúdo em itens, inserindo de forma adequada imagens, gráficos, tabelas, formas e elementos gráficos, dimensionando a quantidade de texto (e imagem) por slide, usando progressivamente e de forma harmônica recursos mais sofisticados como efeitos de transição, slides mestres, layouts personalizados etc.;objeto_conhecimento
Língua Portuguesa;Ensino Fundamental II;6º ano;Construção composicional e estilo Gêneros de divulgação científica;EF69LP42;"Analisar a construção composicional dos textos pertencentes a gêneros relacionados à divulgação de conhecimentos: título, (olho), introdução, divisão do texto em subtítulos, imagens ilustrativas de conceitos, relações, ou resultados complexos (fotos, ilustrações, esquemas, gráficos, infográficos, diagramas, figuras, tabelas, mapas) etc., exposição, contendo definições, descrições, comparações, enumerações, exemplificações e remissões a conceitos e relações por meio de notas de rodapé, boxes ou links; ou título, contextualização do campo, ordenação temporal ou temática por tema ou subtema, intercalação de trechos verbais com fotos, ilustrações, áudios, vídeos etc. e reconhecer traços da linguagem dos textos de divulgação científica, fazendo uso consciente das estratégias de impessoalização da linguagem (ou de pessoalização, se o tipo de publicação e objetivos assim o demandarem, como em alguns podcasts e vídeos de divulgação científica), 3ª pessoa, presente atemporal, recurso à citação, uso de vocabulário técnico/especializado etc., como forma de ampliar suas capacidades de compreensão e produção de textos nesses gêneros.";objeto_conhecimento
Língua Portuguesa;Ensino Fundamental II;6º ano;Marcas linguísticas Intertextualidade;EF69LP43;"Identificar e utilizar os modos de introdução de outras vozes no texto – citação literal e sua formatação e paráfrase –, as pistas linguísticas responsáveis por introduzir no texto a posição do autor e dos outros autores citados (“Segundo X; De acordo com Y; De minha/nossa parte, penso/amos que”...) e os elementos de normatização (tais como as regras de inclusão e formatação de citações e paráfrases, de organização de referências bibliográficas) em textos científicos, desenvolvendo reflexão sobre o modo como a intertextualidade e a retextualização ocorrem nesses textos.";objeto_conhecimento
Língua Portuguesa;Ensino Fundamental II;6º ano;Reconstrução das condições de produção, circulação e recepção;EF69LP44;Inferir a presença de valores sociais, culturais e humanos e de diferentes visões de mundo, em textos literários, reconhecendo nesses textos formas de estabelecer múltiplos olhares sobre as identidades, sociedades e culturas e considerando a autoria e o contexto social e histórico de sua produção.;objeto_conhecimento
Língua Portuguesa;Ensino Fundamental II;6º ano;Reconstrução das condições de produção, circulação e recepção;EF69LP45;Posicionar-se criticamente em relação a textos pertencentes a gêneros como quarta-capa, programa (de teatro, dança, exposição etc.), sinopse, resenha crítica, comentário em blog/vlog cultural etc., para selecionar obras literárias e outras manifestações artísticas (cinema, teatro, exposições, espetáculos, CD´s, DVD´s etc.), diferenciando as sequências descritivas e avaliativas e reconhecendo-os como gêneros que apoiam a escolha do livro ou produção cultural e consultando-os no momento de fazer escolhas, quando for o caso.;objeto_conhecimento
Língua Portuguesa;Ensino Fundamental II;6º ano;Reconstrução das condições de produção, circulação e recepção;EF69LP46;Participar de práticas de compartilhamento de leitura/recepção de obras literárias/ manifestações artísticas, como rodas de leitura, clubes de leitura, eventos de contação de histórias, de leituras dramáticas, de apresentações teatrais, musicais e de filmes, cineclubes, festivais de vídeo, saraus, slams, canais de booktubers, redes sociais temáticas (de leitores, de cinéfilos, de música etc.), dentre outros, tecendo, quando possível, comentários de ordem estética e afetiva e justificando suas apreciações, escrevendo comentários e resenhas para jornais, blogs e redes sociais e utilizando formas de expressão das culturas juvenis, tais como, vlogs e podcasts culturais (literatura, cinema, teatro, música), playlists comentadas, fanfics, fanzines, e-zines, fanvídeos, fanclipes, posts em fanpages, trailer honesto, vídeo-minuto, dentre outras possibilidades de práticas de apreciação e de manifestação da cultura de fãs.;objeto_conhecimento
Língua Portuguesa;Ensino Fundamental II;6º ano;Reconstrução da textualidade e compreensão dos efeitos;EF69LP47;Analisar, em textos narrativos ficcionais, as diferentes formas de composição próprias de cada gênero, os recursos coesivos que constroem a passagem do tempo e articulam suas partes, a escolha lexical típica de cada gênero para a caracterização dos cenários e dos personagens e os efeitos de sentido decorrentes dos tempos verbais, dos tipos de discurso, dos verbos de enunciação e das variedades linguísticas (no discurso direto, se houver) empregados, identificando o enredo e o foco narrativo e percebendo como se estrutura a narrativa nos diferentes gêneros e os efeitos de sentido decorrentes do foco narrativo típico de cada gênero, da caracterização dos espaços físico e psicológico e dos tempos cronológico e psicológico, das diferentes vozes no texto (do narrador, de personagens em discurso direto e indireto), do uso de pontuação expressiva, palavras e expressões conotativas e processos figurativos e do uso de recursos linguístico-gramaticais próprios a cada gênero narrativo.;objeto_conhecimento
Língua Portuguesa;Ensino Fundamental II;6º ano;Reconstrução da textualidade e compreensão dos efeitos;EF69LP48;Interpretar, em poemas, efeitos produzidos pelo uso de recursos expressivos sonoros (estrofação, rimas, aliterações etc), semânticos (figuras de linguagem, por exemplo), gráfico-espacial (distribuição da mancha gráfica no papel), imagens e sua relação com o texto verbal.;objeto_conhecimento
Língua Portuguesa;Ensino Fundamental II;6º ano;Adesão às práticas de leitura;EF69LP49;Mostrar-se interessado e envolvido pela leitura de livros de literatura e por outras produções culturais do campo e receptivo a textos que rompam com seu universo de expectativas, que representem um desafio em relação às suas possibilidades atuais e suas experiências anteriores de leitura, apoiando-se nas marcas linguísticas, em seu conhecimento sobre os gêneros e a temática e nas orientações dadas pelo professor.;objeto_conhecimento
Língua Portuguesa;Ensino Fundamental II;6º ano;Relação entre textos;EF69LP50;"Elaborar texto teatral, a partir da adaptação de romances, contos, mitos, narrativas de enigma e de aventura, novelas, biografias romanceadas, crônicas, dentre outros, indicando as rubricas para caracterização do cenário, do espaço, do tempo; explicitando a caracterização física e psicológica dos personagens e dos seus modos de ação; reconfigurando a inserção do discurso direto e dos tipos de narrador; explicitando as marcas de variação linguística (dialetos, registros e jargões) e retextualizando o tratamento da temática.";objeto_conhecimento
Língua Portuguesa;Ensino Fundamental II;6º ano;Consideração das condições de produção;EF69LP51;Engajar-se ativamente nos processos de planejamento, textualização, revisão/ edição e reescrita, tendo em vista as restrições temáticas, composicionais e estilísticas dos textos pretendidos e as configurações da situação de produção – o leitor pretendido, o suporte, o contexto de circulação do texto, as finalidades etc. – e considerando a imaginação, a estesia e a verossimilhança próprias ao texto literário.;objeto_conhecimento
Língua Portuguesa;Ensino Fundamental II;6º ano;Produção de textos orais;EF69LP52;Representar cenas ou textos dramáticos, considerando, na caracterização dos personagens, os aspectos linguísticos e paralinguísticos das falas (timbre e tom de voz, pausas e hesitações, entonação e expressividade, variedades e registros linguísticos), os gestos e os deslocamentos no espaço cênico, o figurino e a maquiagem e elaborando as rubricas indicadas pelo autor por meio do cenário, da trilha sonora e da exploração dos modos de interpretação.;objeto_conhecimento
Língua Portuguesa;Ensino Fundamental II;6º ano;Produção de textos orais Oralização;EF69LP53;"Ler em voz alta textos literários diversos – como contos de amor, de humor, de suspense, de terror; crônicas líricas, humorísticas, críticas; bem como leituras orais capituladas (compartilhadas ou não com o professor) de livros de maior extensão, como romances, narrativas de enigma, narrativas de aventura, literatura infantojuvenil, – contar/recontar histórias tanto da tradição oral (causos, contos de esperteza, contos de animais, contos de amor, contos de encantamento, piadas, dentre outros) quanto da tradição literária escrita, expressando a compreensão e interpretação do texto por meio de uma leitura ou fala expressiva e fluente, que respeite o ritmo, as pausas, as hesitações, a entonação indicados tanto pela pontuação quanto por outros recursos gráfico-editoriais, como negritos, itálicos, caixa-alta, ilustrações etc., gravando essa leitura ou esse conto/reconto, seja para análise posterior, seja para produção de audiobooks de textos literários diversos ou de podcasts de leituras dramáticas com ou sem efeitos especiais e ler e/ou declamar poemas diversos, tanto de forma livre quanto de forma fixa (como quadras, sonetos, liras, haicais etc.), empregando os recursos linguísticos, paralinguísticos e cinésicos necessários aos efeitos de sentido pretendidos, como o ritmo e a entonação, o emprego de pausas e prolongamentos, o tom e o timbre vocais, bem como eventuais recursos de gestualidade e pantomima que convenham ao gênero poético e à situação de compartilhamento em questão.";objeto_conhecimento
Língua Portuguesa;Ensino Fundamental II;6º ano;Recursos linguísticos e semióticos que operam nos textos pertencentes aos gêneros literários;EF69LP54;Analisar os efeitos de sentido decorrentes da interação entre os elementos linguísticos e os recursos paralinguísticos e cinésicos, como as variações no ritmo, as modulações no tom de voz, as pausas, as manipulações do estrato sonoro da linguagem, obtidos por meio da estrofação, das rimas e de figuras de linguagem como as aliterações, as assonâncias, as onomatopeias, dentre outras, a postura corporal e a gestualidade, na declamação de poemas, apresentações musicais e teatrais, tanto em gêneros em prosa quanto nos gêneros poéticos, os efeitos de sentido decorrentes do emprego de figuras de linguagem, tais como comparação, metáfora, personificação, metonímia, hipérbole, eufemismo, ironia, paradoxo e antítese e os efeitos de sentido decorrentes do emprego de palavras e expressões denotativas e conotativas (adjetivos, locuções adjetivas, orações subordinadas adjetivas etc.), que funcionam como modificadores, percebendo sua função na caracterização dos espaços, tempos, personagens e ações próprios de cada gênero narrativo.;objeto_conhecimento
Língua Portuguesa;Ensino Fundamental II;6º ano;Variação linguística;EF69LP55;Reconhecer as variedades da língua falada, o conceito de norma-padrão e o de preconceito linguístico.;objeto_conhecimento
Língua Portuguesa;Ensino Fundamental II;6º ano;Variação linguística;EF69LP56;Fazer uso consciente e reflexivo de regras e normas da norma-padrão em situações de fala e escrita nas quais ela deve ser usada.;objeto_conhecimento
Matemática;Ensino Fundamental II;6º ano;Sistema de numeração decimal: características, leitura, escrita e comparação de números naturais e de números racionais representados na forma decimal;EF06MA01;Comparar, ordenar, ler e escrever números naturais e números racionais cuja representação decimal é finita, fazendo uso da reta numérica.;objeto_conhecimento
Matemática;Ensino Fundamental II;6º ano;Sistema de numeração decimal: características, leitura, escrita e comparação de números naturais e de números racionais representados na forma decimal;EF06MA02;Reconhecer o sistema de numeração decimal, como o que prevaleceu no mundo ocidental, e destacar semelhanças e diferenças com outros sistemas, de modo a sistematizar suas principais características (base, valor posicional e função do zero), utilizando, inclusive, a composição e decomposição de números naturais e números racionais em sua representação decimal.;objeto_conhecimento
Matemática;Ensino Fundamental II;6º ano;Números;EF06MA03;Resolver e elaborar problemas que envolvam cálculos (mentais ou escritos, exatos ou aproximados) com números naturais, por meio de estratégias variadas, com compreensão dos processos neles envolvidos com e sem uso de calculadora.;unidade_tematica
Matemática;Ensino Fundamental II;6º ano;Números;EF06MA04;Construir algoritmo em linguagem natural e representá-lo por fluxograma que indique a resolução de um problema simples (por exemplo, se um número natural qualquer é par).;unidade_tematica
Matemática;Ensino Fundamental II;6º ano;Números;EF06MA05;Classificar números naturais em primos e compostos, estabelecer relações entre números, expressas pelos termos “é múltiplo de”, “é divisor de”, “é fator de”, e estabelecer, por meio de investigações, critérios de divisibilidade por 2, 3, 4, 5, 6, 8, 9, 10, 100 e 1000.;unidade_tematica
Matemática;Ensino Fundamental II;6º ano;Números;EF06MA06;Resolver e elaborar problemas que envolvam as ideias de múltiplo e de divisor.;unidade_tematica
Matemática;Ensino Fundamental II;6º ano;"Frações: significados (parte/todo, quociente), equivalência, comparação, adição e subtração; cálculo da fração de um número natural; adição e subtração de frações";EF06MA07;Compreender, comparar e ordenar frações associadas às ideias de partes de inteiros e resultado de divisão, identificando frações equivalentes.;objeto_conhecimento
Matemática;Ensino Fundamental II;6º ano;"Frações: significados (parte/todo, quociente), equivalência, comparação, adição e subtração; cálculo da fração de um número natural; adição e subtração de frações";EF06MA08;Reconhecer que os números racionais positivos podem ser expressos nas formas fracionária e decimal, estabelecer relações entre essas representações, passando de uma representação para outra, e relacioná-los a pontos na reta numérica.;objeto_conhecimento
Matemática;Ensino Fundamental II;6º ano;"Frações: significados (parte/todo, quociente), equivalência, comparação, adição e subtração; cálculo da fração de um número natural; adição e subtração de frações";EF06MA09;Resolver e elaborar problemas que envolvam o cálculo da fração de uma quantidade e cujo resultado seja um número natural, com e sem uso de calculadora.;objeto_conhecimento
Matemática;Ensino Fundamental II;6º ano;"Frações: significados (parte/todo, quociente), equivalência, comparação, adição e subtração; cálculo da fração de um número natural; adição e subtração de frações";EF06MA10;Resolver e elaborar problemas que envolvam adição ou subtração com números racionais positivos na representação fracionária.;objeto_conhecimento
Matemática;Ensino Fundamental II;6º ano;Operações (adição, subtração, multiplicação, divisão e potenciação) com números racionais;EF06MA11;Resolver e elaborar problemas com números racionais positivos na representação decimal, envolvendo as quatro operações fundamentais e a potenciação, por meio de estratégias diversas, utilizando estimativas e arredondamentos para verificar a razoabilidade de respostas, com e sem uso de calculadora.;objeto_conhecimento
Matemática;Ensino Fundamental II;6º ano;Aproximação de números para múltiplos de potências de 10;EF06MA12;Fazer estimativas de quantidades e aproximar números para múltiplos da potência de 10 mais próxima.;objeto_conhecimento
Matemática;Ensino Fundamental II;6º ano;Cálculo de porcentagens por meio de estratégias diversas, sem fazer uso da “regra de três”;EF06MA13;Resolver e elaborar problemas que envolvam porcentagens, com base na ideia de proporcionalidade, sem fazer uso da “regra de três”, utilizando estratégias pessoais, cálculo mental e calculadora, em contextos de educação financeira, entre outros.;objeto_conhecimento
Matemática;Ensino Fundamental II;6º ano;Propriedades da igualdade;EF06MA14;Reconhecer que a relação de igualdade matemática não se altera ao adicionar, subtrair, multiplicar ou dividir os seus dois membros por um mesmo número e utilizar essa noção para determinar valores desconhecidos na resolução de problemas.;objeto_conhecimento
Matemática;Ensino Fundamental II;6º ano;Problemas que tratam da partição de um todo em duas partes desiguais, envolvendo razões entre as partes e entre uma das partes e o todo;EF06MA15;Resolver e elaborar problemas que envolvam a partilha de uma quantidade em duas partes desiguais, envolvendo relações aditivas e multiplicativas, bem como a razão entre as partes e entre uma das partes e o todo.;objeto_conhecimento
Matemática;Ensino Fundamental II;6º ano;Plano cartesiano: associação dos vértices de um polígono a pares ordenados;EF06MA16;Associar pares ordenados de números a pontos do plano cartesiano do 1º quadrante, em situações como a localização dos vértices de um polígono.;objeto_conhecimento
Matemática;Ensino Fundamental II;6º ano;Prismas e pirâmides: planificações e relações entre seus elementos (vértices, faces e arestas);EF06MA17;Quantificar e estabelecer relações entre o número de vértices, faces e arestas de prismas e pirâmides, em função do seu polígono da base, para resolver problemas e desenvolver a percepção espacial.;objeto_conhecimento
Matemática;Ensino Fundamental II;6º ano;Polígonos: classificações quanto ao número de vértices, às medidas de lados e ângulos e ao paralelismo e perpendicularismo dos lados;EF06MA18;Reconhecer, nomear e comparar polígonos, considerando lados, vértices e ângulos, e classificá-los em regulares e não regulares, tanto em suas representações no plano como em faces de poliedros.;objeto_conhecimento
Matemática;Ensino Fundamental II;6º ano;Polígonos: classificações quanto ao número de vértices, às medidas de lados e ângulos e ao paralelismo e perpendicularismo dos lados;EF06MA19;Identificar características dos triângulos e classificá-los em relação às medidas dos lados e dos ângulos.;objeto_conhecimento
Matemática;Ensino Fundamental II;6º ano;Polígonos: classificações quanto ao número de vértices, às medidas de lados e ângulos e ao paralelismo e perpendicularismo dos lados;EF06MA20;Identificar características dos quadriláteros, classificá-los em relação a lados e a ângulos e reconhecer a inclusão e a intersecção de classes entre eles.;objeto_conhecimento
Matemática;Ensino Fundamental II;6º ano;Construção de figuras semelhantes: ampliação e redução de figuras planas em malhas quadriculadas;EF06MA21;Construir figuras planas semelhantes em situações de ampliação e de redução, com o uso de malhas quadriculadas, plano cartesiano ou tecnologias digitais.;objeto_conhecimento
Matemática;Ensino Fundamental II;6º ano;Construção de retas paralelas e perpendiculares, fazendo uso de réguas, esquadros e softwares;EF06MA22;Utilizar instrumentos, como réguas e esquadros, ou softwares para representações de retas paralelas e perpendiculares e construção de quadriláteros, entre outros.;objeto_conhecimento
Matemática;Ensino Fundamental II;6º ano;Construção de retas paralelas e perpendiculares, fazendo uso de réguas, esquadros e softwares;EF06MA23;Construir algoritmo para resolver situações passo a passo (como na construção de dobraduras ou na indicação de deslocamento de um objeto no plano segundo pontos de referência e distâncias fornecidas etc.).;objeto_conhecimento
Matemática;Ensino Fundamental II;6º ano;Problemas sobre medidas envolvendo grandezas como comprimento, massa, tempo, temperatura, área, capacidade e volume;EF06MA24;Resolver e elaborar problemas que envolvam as grandezas comprimento, massa, tempo, temperatura, área (triângulos e retângulos), capacidade e volume (sólidos formados por blocos retangulares), sem uso de fórmulas, inseridos, sempre que possível, em contextos oriundos de situações reais e/ou relacionadas às outras áreas do conhecimento.;objeto_conhecimento
Matemática;Ensino Fundamental II;6º ano;Ângulos: noção, usos e medida;EF06MA25;Reconhecer a abertura do ângulo como grandeza associada às figuras geométricas.;objeto_conhecimento
Matemática;Ensino Fundamental II;6º ano;Ângulos: noção, usos e medida;EF06MA26;Resolver problemas que envolvam a noção de ângulo em diferentes contextos e em situações reais, como ângulo de visão.;objeto_conhecimento
Matemática;Ensino Fundamental II;6º ano;Ângulos: noção, usos e medida;EF06MA27;Determinar medidas da abertura de ângulos, por meio de transferidor e/ou tecnologias digitais.;objeto_conhecimento
Matemática;Ensino Fundamental II;6º ano;Plantas baixas e vistas aéreas;EF06MA28;Interpretar, descrever e desenhar plantas baixas simples de residências e vistas aéreas.;objeto_conhecimento
Matemática;Ensino Fundamental II;6º ano;Perímetro de um quadrado como grandeza proporcional à medida do lado;EF06MA29;Analisar e descrever mudanças que ocorrem no perímetro e na área de um quadrado ao se ampliarem ou reduzirem, igualmente, as medidas de seus lados, para compreender que o perímetro é proporcional à medida do lado, o que não ocorre com a área.;objeto_conhecimento
Matemática;Ensino Fundamental II;6º ano;Probabilidade e estatística;EF06MA30;Calcular a probabilidade de um evento aleatório, expressando-a por número racional (forma fracionária, decimal e percentual) e comparar esse número com a probabilidade obtida por meio de experimentos sucessivos.;unidade_tematica
Matemática;Ensino Fundamental II;6º ano;Leitura e interpretação de tabelas e gráficos (de colunas ou barras simples ou múltiplas) referentes a variáveis categóricas e variáveis numéricas;EF06MA31;Identificar as variáveis e suas frequências e os elementos constitutivos (título, eixos, legendas, fontes e datas) em diferentes tipos de gráfico.;objeto_conhecimento
Matemática;Ensino Fundamental II;6º ano;Leitura e interpretação de tabelas e gráficos (de colunas ou barras simples ou múltiplas) referentes a variáveis categóricas e variáveis numéricas;EF06MA32;Interpretar e resolver situações que envolvam dados de pesquisas sobre contextos ambientais, sustentabilidade, trânsito, consumo responsável, entre outros, apresentadas pela mídia em tabelas e em diferentes tipos de gráficos e redigir textos escritos com o objetivo de sintetizar conclusões.;objeto_conhecimento
Matemática;Ensino Fundamental II;6º ano;Probabilidade e estatística;EF06MA33;Planejar e coletar dados de pesquisa referente a práticas sociais escolhidas pelos alunos e fazer uso de planilhas eletrônicas para registro, representação e interpretação das informações, em tabelas, vários tipos de gráficos e texto.;unidade_tematica
Matemática;Ensino Fundamental II;6º ano;Diferentes tipos de representação de informações: gráficos e fluxogramas;EF06MA34;Interpretar e desenvolver fluxogramas simples, identificando as relações entre os objetos representados (por exemplo, posição de cidades considerando as estradas que as unem, hierarquia dos funcionários de uma empresa etc.).;objeto_conhecimento
Arte;Ensino Médio;1ª série;Competência específica 1;EM13LGG101;Compreender e analisar processos de produção e circulação de discursos, nas diferentes linguagens, para fazer escolhas fundamentadas em função de interesses pessoais e coletivos.;unidade_tematica
Arte;Ensino Médio;1ª série;Competência específica 1;EM13LGG102;Analisar visões de mundo, conflitos de interesse, preconceitos e ideologias presentes nos discursos veiculados nas diferentes mídias, ampliando suas possibilidades de explicação, interpretação e intervenção crítica da/na realidade.;unidade_tematica
Arte;Ensino Médio;1ª série;Competência específica 1;EM13LGG103;Analisar o funcionamento das linguagens, para interpretar e produzir criticamente discursos em textos de diversas semioses (visuais, verbais, sonoras, gestuais).;unidade_tematica
Arte;Ensino Médio;1ª série;Competência específica 1;EM13LGG104;Utilizar as diferentes linguagens, levando em conta seus funcionamentos, para a compreensão e produção de textos e discursos em diversos campos de atuação social.;unidade_tematica
Arte;Ensino Médio;1ª série;Competência específica 1;EM13LGG105;Analisar e experimentar diversos processos de remidiação de produções multissemióticas, multimídia e transmídia, desenvolvendo diferentes modos de participação e intervenção social.;unidade_tematica
Arte;Ensino Médio;1ª série;Competência específica 2;EM13LGG201;Utilizar as diversas linguagens (artísticas, corporais e verbais) em diferentes contextos, valorizando-as como fenômeno social, cultural, histórico, variável, heterogêneo e sensível aos contextos de uso.;unidade_tematica
Arte;Ensino Médio;1ª série;Competência específica 2;EM13LGG202;Analisar interesses, relações de poder e perspectivas de mundo nos discursos das diversas práticas de linguagem (artísticas, corporais e verbais), compreendendo criticamente o modo como circulam, constituem-se e (re)produzem significação e ideologias.;unidade_tematica
Arte;Ensino Médio;1ª série;Competência específica 2;EM13LGG203;Analisar os diálogos e os processos de disputa por legitimidade nas práticas de linguagem e em suas produções (artísticas, corporais e verbais).;unidade_tematica
Arte;Ensino Médio;1ª série;Competência específica 2;EM13LGG204;Dialogar e produzir entendimento mútuo, nas diversas linguagens (artísticas, corporais e verbais), com vistas ao interesse comum pautado em princípios e valores de equidade assentados na democracia e nos Direitos Humanos.;unidade_tematica
Arte;Ensino Médio;1ª série;Competência específica 3;EM13LGG301;Participar de processos de produção individual e colaborativa em diferentes linguagens (artísticas, corporais e verbais), levando em conta suas formas e seus funcionamentos, para produzir sentidos em diferentes contextos.;unidade_tematica
Arte;Ensino Médio;1ª série;Competência específica 3;EM13LGG302;Posicionar-se criticamente diante de diversas visões de mundo presentes nos discursos em diferentes linguagens, levando em conta seus contextos de produção e de circulação.;unidade_tematica
Arte;Ensino Médio;1ª série;Competência específica 3;EM13LGG303;Debater questões polêmicas de relevância social, analisando diferentes argumentos e opiniões, para formular, negociar e sustentar posições, frente à análise de perspectivas distintas.;unidade_tematica
Arte;Ensino Médio;1ª série;Competência específica 3;EM13LGG304;Formular propostas, intervir e tomar decisões que levem em conta o bem comum e os Direitos Humanos, a consciência socioambiental e o consumo responsável em âmbito local, regional e global.;unidade_tematica
Arte;Ensino Médio;1ª série;Competência específica 3;EM13LGG305;Mapear e criar, por meio de práticas de linguagem, possibilidades de atuação social, política, artística e cultural para enfrentar desafios contemporâneos, discutindo princípios e objetivos dessa atuação de maneira crítica, criativa, solidária e ética.;unidade_tematica
Arte;Ensino Médio;1ª série;Competência específica 4;EM13LGG401;Analisar criticamente textos de modo a compreender e caracterizar as línguas como fenômeno (geo)político, histórico, social, cultural, variável, heterogêneo e sensível aos contextos de uso.;unidade_tematica
Arte;Ensino Médio;1ª série;Competência específica 4;EM13LGG402;Empregar, nas interações sociais, a variedade e o estilo de língua adequados à situação comunicativa, ao(s) interlocutor(es) e ao gênero do discurso, respeitando os usos das línguas por esse(s) interlocutor(es) e sem preconceito linguístico.;unidade_tematica
Arte;Ensino Médio;1ª série;Competência específica 4;EM13LGG403;Fazer uso do inglês como língua de comunicação global, levando em conta a multiplicidade e variedade de usos, usuários e funções dessa língua no mundo contemporâneo.;unidade_tematica
Arte;Ensino Médio;1ª série;Competência específica 5;EM13LGG501;Selecionar e utilizar movimentos corporais de forma consciente e intencional para interagir socialmente em práticas corporais, de modo a estabelecer relações construtivas, empáticas, éticas e de respeito às diferenças.;unidade_tematica
Arte;Ensino Médio;1ª série;Competência específica 5;EM13LGG502;Analisar criticamente preconceitos, estereótipos e relações de poder presentes nas práticas corporais, adotando posicionamento contrário a qualquer manifestação de injustiça e desrespeito a direitos humanos e valores democráticos.;unidade_tematica
Arte;Ensino Médio;1ª série;Competência específica 5;EM13LGG503;Vivenciar práticas corporais e significá-las em seu projeto de vida, como forma de autoconhecimento, autocuidado com o corpo e com a saúde, socialização e entretenimento.;unidade_tematica
Arte;Ensino Médio;1ª série;Competência específica 6;EM13LGG601;Apropriar-se do patrimônio artístico de diferentes tempos e lugares, compreendendo a sua diversidade, bem como os processos de legitimação das manifestações artísticas na sociedade, desenvolvendo visão crítica e histórica.;unidade_tematica
Arte;Ensino Médio;1ª série;Competência específica 6;EM13LGG602;Fruir e apreciar esteticamente diversas manifestações artísticas e culturais, das locais às mundiais, assim como delas participar, de modo a aguçar continuamente a sensibilidade, a imaginação e a criatividade.;unidade_tematica
Arte;Ensino Médio;1ª série;Competência específica 6;EM13LGG603;Expressar-se e atuar em processos de criação autorais individuais e coletivos nas diferentes linguagens artísticas (artes visuais, audiovisual, dança, música e teatro) e nas intersecções entre elas, recorrendo a referências estéticas e culturais, conhecimentos de naturezas diversas (artísticos, históricos, sociais e políticos) e experiências individuais e coletivas.;unidade_tematica
Arte;Ensino Médio;1ª série;Competência específica 6;EM13LGG604;Relacionar as práticas artísticas às diferentes dimensões da vida social, cultural, política e econômica e identificar o processo de construção histórica dessas práticas.;unidade_tematica
Arte;Ensino Médio;1ª série;Competência específica 7;EM13LGG701;Explorar tecnologias digitais da informação e comunicação (TDIC), compreendendo seus princípios e funcionalidades, e utilizá-las de modo ético, criativo, responsável e adequado a práticas de linguagem em diferentes contextos.;unidade_tematica
Arte;Ensino Médio;1ª série;Competência específica 7;EM13LGG702;Avaliar o impacto das tecnologias digitais da informação e comunicação (TDIC) na formação do sujeito e em suas práticas sociais, para fazer uso crítico dessa mídia em práticas de seleção, compreensão e produção de discursos em ambiente digital.;unidade_tematica
Arte;Ensino Médio;1ª série;Competência específica 7;EM13LGG703;Utilizar diferentes linguagens, mídias e ferramentas digitais em processos de produção coletiva, colaborativa e projetos autorais em ambientes digitais.;unidade_tematica
Arte;Ensino Médio;1ª série;Competência específica 7;EM13LGG704;Apropriar-se criticamente de processos de pesquisa e busca de informação, por meio de ferramentas e dos novos formatos de produção e distribuição do conhecimento na cultura de rede.;unidade_tematica
Biologia;Ensino Médio;1ª série;Competência específica 1;EM13CNT101;Analisar e representar, com ou sem o uso de dispositivos e de aplicativos digitais específicos, as transformações e conservações em sistemas que envolvam quantidade de matéria, de energia e de movimento para realizar previsões sobre seus comportamentos em situações cotidianas e em processos produtivos que priorizem o desenvolvimento sustentável, o uso consciente dos recursos naturais e a preservação da vida em todas as suas formas.;unidade_tematica
Biologia;Ensino Médio;1ª série;Competência específica 1;EM13CNT102;Realizar previsões, avaliar intervenções e/ou construir protótipos de sistemas térmicos que visem à sustentabilidade, considerando sua composição e os efeitos das variáveis termodinâmicas sobre seu funcionamento, considerando também o uso de tecnologias digitais que auxiliem no cálculo de estimativas e no apoio à construção dos protótipos.;unidade_tematica
Biologia;Ensino Médio;1ª série;Competência específica 1;EM13CNT103;Utilizar o conhecimento sobre as radiações e suas origens para avaliar as potencialidades e os riscos de sua aplicação em equipamentos de uso cotidiano, na saúde, no ambiente, na indústria, na agricultura e na geração de energia elétrica.;unidade_tematica
Biologia;Ensino Médio;1ª série;Competência específica 1;EM13CNT104;Avaliar os benefícios e os riscos à saúde e ao ambiente, considerando a composição, a toxicidade e a reatividade de diferentes materiais e produtos, como também o nível de exposição a eles, posicionando-se criticamente e propondo soluções individuais e/ou coletivas para seus usos e descartes responsáveis.;unidade_tematica
Biologia;Ensino Médio;1ª série;Competência específica 1;EM13CNT105;Analisar os ciclos biogeoquímicos e interpretar os efeitos de fenômenos naturais e da interferência humana sobre esses ciclos, para promover ações individuais e/ ou coletivas que minimizem consequências nocivas à vida.;unidade_tematica
Biologia;Ensino Médio;1ª série;Competência específica 1;EM13CNT106;Avaliar, com ou sem o uso de dispositivos e aplicativos digitais, tecnologias e possíveis soluções para as demandas que envolvem a geração, o transporte, a distribuição e o consumo de energia elétrica, considerando a disponibilidade de recursos, a eficiência energética, a relação custo/benefício, as características geográficas e ambientais, a produção de resíduos e os impactos socioambientais e culturais.;unidade_tematica
Biologia;Ensino Médio;1ª série;Competência específica 1;EM13CNT107;Realizar previsões qualitativas e quantitativas sobre o funcionamento de geradores, motores elétricos e seus componentes, bobinas, transformadores, pilhas, baterias e dispositivos eletrônicos, com base na análise dos processos de transformação e condução de energia envolvidos - com ou sem o uso de dispositivos e aplicativos digitais -, para propor ações que visem a sustentabilidade.;unidade_tematica
Biologia;Ensino Médio;1ª série;Competência específica 2;EM13CNT201;Analisar e discutir modelos, teorias e leis propostos em diferentes épocas e culturas para comparar distintas explicações sobre o surgimento e a evolução da Vida, da Terra e do Universo com as teorias científicas aceitas atualmente.;unidade_tematica
Biologia;Ensino Médio;1ª série;Competência específica 2;EM13CNT202;Analisar as diversas formas de manifestação da vida em seus diferentes níveis de organização, bem como as condições ambientais favoráveis e os fatores limitantes a elas, com ou sem o uso de dispositivos e aplicativos digitais (como softwares de simulação e de realidade virtual, entre outros).;unidade_tematica
Biologia;Ensino Médio;1ª série;Competência específica 2;EM13CNT203;Avaliar e prever efeitos de intervenções nos ecossistemas, e seus impactos nos seres vivos e no corpo humano, com base nos mecanismos de manutenção da vida, nos ciclos da matéria e nas transformações e transferências de energia, utilizando representações e simulações sobre tais fatores, com ou sem o uso de dispositivos e aplicativos digitais (como softwares de simulação e de realidade virtual, entre outros).;unidade_tematica
Biologia;Ensino Médio;1ª série;Competência específica 2;EM13CNT204;Elaborar explicações, previsões e cálculos a respeito dos movimentos de objetos na Terra, no Sistema Solar e no Universo com base na análise das interações gravitacionais, com ou sem o uso de dispositivos e aplicativos digitais (como softwares de simulação e de realidade virtual, entre outros).;unidade_tematica
Biologia;Ensino Médio;1ª série;Competência específica 2;EM13CNT205;Interpretar resultados e realizar previsões sobre atividades experimentais, fenômenos naturais e processos tecnológicos, com base nas noções de probabilidade e incerteza, reconhecendo os limites explicativos das ciências.;unidade_tematica
Biologia;Ensino Médio;1ª série;Competência específica 2;EM13CNT206;Discutir a importância da preservação e conservação da biodiversidade, considerando parâmetros qualitativos e quantitativos, e avaliar os efeitos da ação humana e das políticas ambientais para a garantia da sustentabilidade do planeta.;unidade_tematica
Biologia;Ensino Médio;1ª série;Competência específica 2;EM13CNT207;Identificar, analisar e discutir vulnerabilidades vinculadas às vivências e aos desafios contemporâneos aos quais as juventudes estão expostas, considerando os aspectos físico, psicoemocional e social, a fim de desenvolver e divulgar ações de prevenção e de promoção da saúde e do bem-estar.;unidade_tematica
Biologia;Ensino Médio;1ª série;Competência específica 2;EM13CNT208;Aplicar os princípios da evolução biológica para analisar a história humana, considerando sua origem, diversificação, dispersão pelo planeta e diferentes formas de interação com a natureza, valorizando e respeitando a diversidade étnica e cultural humana.;unidade_tematica
Biologia;Ensino Médio;1ª série;Competência específica 2;EM13CNT209;Analisar a evolução estelar associando-a aos modelos de origem e distribuição dos elementos químicos no Universo, compreendendo suas relações com as condições necessárias ao surgimento de sistemas solares e planetários, suas estruturas e composições e as possibilidades de existência de vida, utilizando representações e simulações, com ou sem o uso de dispositivos e aplicativos digitais (como softwares de simulação e de realidade virtual, entre outros).;unidade_tematica
Biologia;Ensino Médio;1ª série;Competência específica 3;EM13CNT301;Construir questões, elaborar hipóteses, previsões e estimativas, empregar instrumentos de medição e representar e interpretar modelos explicativos, dados e/ou resultados experimentais para construir, avaliar e justificar conclusões no enfrentamento de situações-problema sob uma perspectiva científica.;unidade_tematica
Biologia;Ensino Médio;1ª série;Competência específica 3;EM13CNT302;Comunicar, para públicos variados, em diversos contextos, resultados de análises, pesquisas e/ou experimentos, elaborando e/ou interpretando textos, gráficos, tabelas, símbolos, códigos, sistemas de classificação e equações, por meio de diferentes linguagens, mídias, tecnologias digitais de informação e comunicação (TDIC), de modo a participar e/ou promover debates em torno de temas científicos e/ou tecnológicos de relevância sociocultural e ambiental.;unidade_tematica
Biologia;Ensino Médio;1ª série;Competência específica 3;EM13CNT303;Interpretar textos de divulgação científica que tratem de temáticas das Ciências da Natureza, disponíveis em diferentes mídias, considerando a apresentação dos dados, tanto na forma de textos como em equações, gráficos e/ou tabelas, a consistência dos argumentos e a coerência das conclusões, visando construir estratégias de seleção de fontes confiáveis de informações.;unidade_tematica
Biologia;Ensino Médio;1ª série;Competência específica 3;EM13CNT304;Analisar e debater situações controversas sobre a aplicação de conhecimentos da área de Ciências da Natureza (tais como tecnologias do DNA, tratamentos com células-tronco, neurotecnologias, produção de tecnologias de defesa, estratégias de controle de pragas, entre outros), com base em argumentos consistentes, legais, éticos e responsáveis, distinguindo diferentes pontos de vista.;unidade_tematica
Biologia;Ensino Médio;1ª série;Competência específica 3;EM13CNT305;Investigar e discutir o uso indevido de conhecimentos das Ciências da Natureza na justificativa de processos de discriminação, segregação e privação de direitos individuais e coletivos, em diferentes contextos sociais e históricos, para promover a equidade e o respeito à diversidade.;unidade_tematica
Biologia;Ensino Médio;1ª série;Competência específica 3;EM13CNT306;Avaliar os riscos envolvidos em atividades cotidianas, aplicando conhecimentos das Ciências da Natureza, para justificar o uso de equipamentos e recursos, bem como comportamentos de segurança, visando à integridade física, individual e coletiva, e socioambiental, podendo fazer uso de dispositivos e aplicativos digitais que viabilizem a estruturação de simulações de tais riscos.;unidade_tematica
Biologia;Ensino Médio;1ª série;Competência específica 3;EM13CNT307;Analisar as propriedades dos materiais para avaliar a adequação de seu uso em diferentes aplicações (industriais, cotidianas, arquitetônicas ou tecnológicas) e/ ou propor soluções seguras e sustentáveis considerando seu contexto local e cotidiano.;unidade_tematica
Biologia;Ensino Médio;1ª série;Competência específica 3;EM13CNT308;Investigar e analisar o funcionamento de equipamentos elétricos e/ou eletrônicos e sistemas de automação para compreender as tecnologias contemporâneas e avaliar seus impactos sociais, culturais e ambientais.;unidade_tematica
Biologia;Ensino Médio;1ª série;Competência específica 3;EM13CNT309;Analisar questões socioambientais, políticas e econômicas relativas à dependência do mundo atual em relação aos recursos não renováveis e discutir a necessidade de introdução de alternativas e novas tecnologias energéticas e de materiais, comparando diferentes tipos de motores e processos de produção de novos materiais.;unidade_tematica
Biologia;Ensino Médio;1ª série;Competência específica 3;EM13CNT310;Investigar e analisar os efeitos de programas de infraestrutura e demais serviços básicos (saneamento, energia elétrica, transporte, telecomunicações, cobertura vacinal, atendimento primário à saúde e produção de alimentos, entre outros) e identificar necessidades locais e/ou regionais em relação a esses serviços, a fim de avaliar e/ou promover ações que contribuam para a melhoria na qualidade de vida e nas condições de saúde da população.;unidade_tematica
Educação Física;Ensino Médio;1ª série;Competência específica 1;EM13LGG101;Compreender e analisar processos de produção e circulação de discursos, nas diferentes linguagens, para fazer escolhas fundamentadas em função de interesses pessoais e coletivos.;unidade_tematica
Educação Física;Ensino Médio;1ª série;Competência específica 1;EM13LGG102;Analisar visões de mundo, conflitos de interesse, preconceitos e ideologias presentes nos discursos veiculados nas diferentes mídias, ampliando suas possibilidades de explicação, interpretação e intervenção crítica da/na realidade.;unidade_tematica
Educação Física;Ensino Médio;1ª série;Competência específica 1;EM13LGG103;Analisar o funcionamento das linguagens, para interpretar e produzir criticamente discursos em textos de diversas semioses (visuais, verbais, sonoras, gestuais).;unidade_tematica
Educação Física;Ensino Médio;1ª série;Competência específica 1;EM13LGG104;Utilizar as diferentes linguagens, levando em conta seus funcionamentos, para a compreensão e produção de textos e discursos em diversos campos de atuação social.;unidade_tematica
Educação Física;Ensino Médio;1ª série;Competência específica 1;EM13LGG105;Analisar e experimentar diversos processos de remidiação de produções multissemióticas, multimídia e transmídia, desenvolvendo diferentes modos de participação e intervenção social.;unidade_tematica
Educação Física;Ensino Médio;1ª série;Competência específica 2;EM13LGG201;Utilizar as diversas linguagens (artísticas, corporais e verbais) em diferentes contextos, valorizando-as como fenômeno social, cultural, histórico, variável, heterogêneo e sensível aos contextos de uso.;unidade_tematica
Educação Física;Ensino Médio;1ª série;Competência específica 2;EM13LGG202;Analisar interesses, relações de poder e perspectivas de mundo nos discursos das diversas práticas de linguagem (artísticas, corporais e verbais), compreendendo criticamente o modo como circulam, constituem-se e (re)produzem significação e ideologias.;unidade_tematica
Educação Física;Ensino Médio;1ª série;Competência específica 2;EM13LGG203;Analisar os diálogos e os processos de disputa por legitimidade nas práticas de linguagem e em suas produções (artísticas, corporais e verbais).;unidade_tematica
Educação Física;Ensino Médio;1ª série;Competência específica 2;EM13LGG204;Dialogar e produzir entendimento mútuo, nas diversas linguagens (artísticas, corporais e verbais), com vistas ao interesse comum pautado em princípios e valores de equidade assentados na democracia e nos Direitos Humanos.;unidade_tematica
Educação Física;Ensino Médio;1ª série;Competência específica 3;EM13LGG301;Participar de processos de produção individual e colaborativa em diferentes linguagens (artísticas, corporais e verbais), levando em conta suas formas e seus funcionamentos, para produzir sentidos em diferentes contextos.;unidade_tematica
Educação Física;Ensino Médio;1ª série;Competência específica 3;EM13LGG302;Posicionar-se criticamente diante de diversas visões de mundo presentes nos discursos em diferentes linguagens, levando em conta seus contextos de produção e de circulação.;unidade_tematica
Educação Física;Ensino Médio;1ª série;Competência específica 3;EM13LGG303;Debater questões polêmicas de relevância social, analisando diferentes argumentos e opiniões, para formular, negociar e sustentar posições, frente à análise de perspectivas distintas.;unidade_tematica
Educação Física;Ensino Médio;1ª série;Competência específica 3;EM13LGG304;Formular propostas, intervir e tomar decisões que levem em conta o bem comum e os Direitos Humanos, a consciência socioambiental e o consumo responsável em âmbito local, regional e global.;unidade_tematica
Educação Física;Ensino Médio;1ª série;Competência específica 3;EM13LGG305;Mapear e criar, por meio de práticas de linguagem, possibilidades de atuação social, política, artística e cultural para enfrentar desafios contemporâneos, discutindo princípios e objetivos dessa atuação de maneira crítica, criativa, solidária e ética.;unidade_tematica
Educação Física;Ensino Médio;1ª série;Competência específica 4;EM13LGG401;Analisar criticamente textos de modo a compreender e caracterizar as línguas como fenômeno (geo)político, histórico, social, cultural, variável, heterogêneo e sensível aos contextos de uso.;unidade_tematica
Educação Física;Ensino Médio;1ª série;Competência específica 4;EM13LGG402;Empregar, nas interações sociais, a variedade e o estilo de língua adequados à situação comunicativa, ao(s) interlocutor(es) e ao gênero do discurso, respeitando os usos das línguas por esse(s) interlocutor(es) e sem preconceito linguístico.;unidade_tematica
Educação Física;Ensino Médio;1ª série;Competência específica 4;EM13LGG403;Fazer uso do inglês como língua de comunicação global, levando em conta a multiplicidade e variedade de usos, usuários e funções dessa língua no mundo contemporâneo.;unidade_tematica
Educação Física;Ensino Médio;1ª série;Competência específica 5;EM13LGG501;Selecionar e utilizar movimentos corporais de forma consciente e intencional para interagir socialmente em práticas corporais, de modo a estabelecer relações construtivas, empáticas, éticas e de respeito às diferenças.;unidade_tematica
Educação Física;Ensino Médio;1ª série;Competência específica 5;EM13LGG502;Analisar criticamente preconceitos, estereótipos e relações de poder presentes nas práticas corporais, adotando posicionamento contrário a qualquer manifestação de injustiça e desrespeito a direitos humanos e valores democráticos.;unidade_tematica
Educação Física;Ensino Médio;1ª série;Competência específica 5;EM13LGG503;Vivenciar práticas corporais e significá-las em seu projeto de vida, como forma de autoconhecimento, autocuidado com o corpo e com a saúde, socialização e entretenimento.;unidade_tematica
Educação Física;Ensino Médio;1ª série;Competência específica 6;EM13LGG601;Apropriar-se do patrimônio artístico de diferentes tempos e lugares, compreendendo a sua diversidade, bem como os processos de legitimação das manifestações artísticas na sociedade, desenvolvendo visão crítica e histórica.;unidade_tematica
Educação Física;Ensino Médio;1ª série;Competência específica 6;EM13LGG602;Fruir e apreciar esteticamente diversas manifestações artísticas e culturais, das locais às mundiais, assim como delas participar, de modo a aguçar continuamente a sensibilidade, a imaginação e a criatividade.;unidade_tematica
Educação Física;Ensino Médio;1ª série;Competência específica 6;EM13LGG603;Expressar-se e atuar em processos de criação autorais individuais e coletivos nas diferentes linguagens artísticas (artes visuais, audiovisual, dança, música e teatro) e nas intersecções entre elas, recorrendo a referências estéticas e culturais, conhecimentos de naturezas diversas (artísticos, históricos, sociais e políticos) e experiências individuais e coletivas.;unidade_tematica
Educação Física;Ensino Médio;1ª série;Competência específica 6;EM13LGG604;Relacionar as práticas artísticas às diferentes dimensões da vida social, cultural, política e econômica e identificar o processo de construção histórica dessas práticas.;unidade_tematica
Educação Física;Ensino Médio;1ª série;Competência específica 7;EM13LGG701;Explorar tecnologias digitais da informação e comunicação (TDIC), compreendendo seus princípios e funcionalidades, e utilizá-las de modo ético, criativo, responsável e adequado a práticas de linguagem em diferentes contextos.;unidade_tematica
Educação Física;Ensino Médio;1ª série;Competência específica 7;EM13LGG702;Avaliar o impacto das tecnologias digitais da informação e comunicação (TDIC) na formação do sujeito e em suas práticas sociais, para fazer uso crítico dessa mídia em práticas de seleção, compreensão e produção de discursos em ambiente digital.;unidade_tematica
Educação Física;Ensino Médio;1ª série;Competência específica 7;EM13LGG703;Utilizar diferentes linguagens, mídias e ferramentas digitais em processos de produção coletiva, colaborativa e projetos autorais em ambientes digitais.;unidade_tematica
Educação Física;Ensino Médio;1ª série;Competência específica 7;EM13LGG704;Apropriar-se criticamente de processos de pesquisa e busca de informação, por meio de ferramentas e dos novos formatos de produção e distribuição do conhecimento na cultura de rede.;unidade_tematica
Geografia;Ensino Médio;1ª série;Competência específica 1;EM13CHS101;Identificar, analisar e comparar diferentes fontes e narrativas expressas em diversas linguagens, com vistas à compreensão de ideias filosóficas e de processos e eventos históricos, geográficos, políticos, econômicos, sociais, ambientais e culturais.;unidade_tematica
Geografia;Ensino Médio;1ª série;Competência específica 1;EM13CHS102;Identificar, analisar e discutir as circunstâncias históricas, geográficas, políticas, econômicas, sociais, ambientais e culturais de matrizes conceituais (etnocentrismo, racismo, evolução, modernidade, cooperativismo/desenvolvimento etc.), avaliando criticamente seu significado histórico e comparando-as a narrativas que contemplem outros agentes e discursos.;unidade_tematica
Geografia;Ensino Médio;1ª série;Competência específica 1;EM13CHS103;Elaborar hipóteses, selecionar evidências e compor argumentos relativos a processos políticos, econômicos, sociais, ambientais, culturais e epistemológicos, com base na sistematização de dados e informações de diversas naturezas (expressões artísticas, textos filosóficos e sociológicos, documentos históricos e geográficos, gráficos, mapas, tabelas, tradições orais, entre outros).;unidade_tematica
Geografia;Ensino Médio;1ª série;Competência específica 1;EM13CHS104;Analisar objetos e vestígios da cultura material e imaterial de modo a identificar conhecimentos, valores, crenças e práticas que caracterizam a identidade e a diversidade cultural de diferentes sociedades inseridas no tempo e no espaço.;unidade_tematica
Geografia;Ensino Médio;1ª série;Competência específica 1;EM13CHS105;Identificar, contextualizar e criticar tipologias evolutivas (populações nômades e sedentárias, entre outras) e oposições dicotômicas (cidade/campo, cultura/ natureza, civilizados/bárbaros, razão/emoção, material/virtual etc.), explicitando suas ambiguidades.;unidade_tematica
Geografia;Ensino Médio;1ª série;Competência específica 1;EM13CHS106;Utilizar as linguagens cartográfica, gráfica e iconográfica, diferentes gêneros textuais e tecnologias digitais de informação e comunicação de forma crítica, significativa, reflexiva e ética nas diversas práticas sociais, incluindo as escolares, para se comunicar, acessar e difundir informações, produzir conhecimentos, resolver problemas e exercer protagonismo e autoria na vida pessoal e coletiva.;unidade_tematica
Geografia;Ensino Médio;1ª série;Competência específica 2;EM13CHS201;Analisar e caracterizar as dinâmicas das populações, das mercadorias e do capital nos diversos continentes, com destaque para a mobilidade e a fixação de pessoas, grupos humanos e povos, em função de eventos naturais, políticos, econômicos, sociais, religiosos e culturais, de modo a compreender e posicionar-se criticamente em relação a esses processos e às possíveis relações entre eles.;unidade_tematica
Geografia;Ensino Médio;1ª série;Competência específica 2;EM13CHS202;Analisar e avaliar os impactos das tecnologias na estruturação e nas dinâmicas de grupos, povos e sociedades contemporâneos (fluxos populacionais, financeiros, de mercadorias, de informações, de valores éticos e culturais etc.), bem como suas interferências nas decisões políticas, sociais, ambientais, econômicas e culturais.;unidade_tematica
Geografia;Ensino Médio;1ª série;Competência específica 2;EM13CHS203;Comparar os significados de território, fronteiras e vazio (espacial, temporal e cultural) em diferentes sociedades, contextualizando e relativizando visões dualistas (civilização/barbárie, nomadismo/sedentarismo, esclarecimento/obscurantismo, cidade/campo, entre outras).;unidade_tematica
Geografia;Ensino Médio;1ª série;Competência específica 2;EM13CHS204;Comparar e avaliar os processos de ocupação do espaço e a formação de territórios, territorialidades e fronteiras, identificando o papel de diferentes agentes (como grupos sociais e culturais, impérios, Estados Nacionais e organismos internacionais) e considerando os conflitos populacionais (internos e externos), a diversidade étnico-cultural e as características socioeconômicas, políticas e tecnológicas.;unidade_tematica
Geografia;Ensino Médio;1ª série;Competência específica 2;EM13CHS205;Analisar a produção de diferentes territorialidades em suas dimensões culturais, econômicas, ambientais, políticas e sociais, no Brasil e no mundo contemporâneo, com destaque para as culturas juvenis.;unidade_tematica
Geografia;Ensino Médio;1ª série;Competência específica 2;EM13CHS206;Analisar a ocupação humana e a produção do espaço em diferentes tempos, aplicando os princípios de localização, distribuição, ordem, extensão, conexão, arranjos, casualidade, entre outros que contribuem para o raciocínio geográfico.;unidade_tematica
Geografia;Ensino Médio;1ª série;Competência específica 3;EM13CHS301;Problematizar hábitos e práticas individuais e coletivos de produção, reaproveitamento e descarte de resíduos em metrópoles, áreas urbanas e rurais, e comunidades com diferentes características socioeconômicas, e elaborar e/ou selecionar propostas de ação que promovam a sustentabilidade socioambiental, o combate à poluição sistêmica e o consumo responsável.;unidade_tematica
Geografia;Ensino Médio;1ª série;Competência específica 3;EM13CHS302;Analisar e avaliar criticamente os impactos econômicos e socioambientais de cadeias produtivas ligadas à exploração de recursos naturais e às atividades agropecuárias em diferentes ambientes e escalas de análise, considerando o modo de vida das populações locais - entre elas as indígenas, quilombolas e demais comunidades tradicionais -, suas práticas agroextrativistas e o compromisso com a sustentabilidade.;unidade_tematica
Geografia;Ensino Médio;1ª série;Competência específica 3;EM13CHS303;Debater e avaliar o papel da indústria cultural e das culturas de massa no estímulo ao consumismo, seus impactos econômicos e socioambientais, com vistas à percepção crítica das necessidades criadas pelo consumo e à adoção de hábitos sustentáveis.;unidade_tematica
Geografia;Ensino Médio;1ª série;Competência específica 3;EM13CHS304;Analisar os impactos socioambientais decorrentes de práticas de instituições governamentais, de empresas e de indivíduos, discutindo as origens dessas práticas, selecionando, incorporando e promovendo aquelas que favoreçam a consciência e a ética socioambiental e o consumo responsável.;unidade_tematica
Geografia;Ensino Médio;1ª série;Competência específica 3;EM13CHS305;Analisar e discutir o papel e as competências legais dos organismos nacionais e internacionais de regulação, controle e fiscalização ambiental e dos acordos internacionais para a promoção e a garantia de práticas ambientais sustentáveis.;unidade_tematica
Geografia;Ensino Médio;1ª série;Competência específica 3;EM13CHS306;Contextualizar, comparar e avaliar os impactos de diferentes modelos socioeconômicos no uso dos recursos naturais e na promoção da sustentabilidade econômica e socioambiental do planeta (como a adoção dos sistemas da agrobiodiversidade e agroflorestal por diferentes comunidades, entre outros).;unidade_tematica
Geografia;Ensino Médio;1ª série;Competência específica 4;EM13CHS401;Identificar e analisar as relações entre sujeitos, grupos, classes sociais e sociedades com culturas distintas diante das transformações técnicas, tecnológicas e informacionais e das novas formas de trabalho ao longo do tempo, em diferentes espaços (urbanos e rurais) e contextos.;unidade_tematica
Geografia;Ensino Médio;1ª série;Competência específica 4;EM13CHS402;Analisar e comparar indicadores de emprego, trabalho e renda em diferentes espaços, escalas e tempos, associando-os a processos de estratificação e desigualdade socioeconômica.;unidade_tematica
Geografia;Ensino Médio;1ª série;Competência específica 4;EM13CHS403;Caracterizar e analisar os impactos das transformações tecnológicas nas relações sociais e de trabalho próprias da contemporaneidade, promovendo ações voltadas à superação das desigualdades sociais, da opressão e da violação dos Direitos Humanos.;unidade_tematica
Geografia;Ensino Médio;1ª série;Competência específica 4;EM13CHS404;Identificar e discutir os múltiplos aspectos do trabalho em diferentes circunstâncias e contextos históricos e/ou geográficos e seus efeitos sobre as gerações, em especial, os jovens, levando em consideração, na atualidade, as transformações técnicas, tecnológicas e informacionais.;unidade_tematica
Geografia;Ensino Médio;1ª série;Competência específica 5;EM13CHS501;Analisar os fundamentos da ética em diferentes culturas, tempos e espaços, identificando processos que contribuem para a formação de sujeitos éticos que valorizem a liberdade, a cooperação, a autonomia, o empreendedorismo, a convivência democrática e a solidariedade.;unidade_tematica
Geografia;Ensino Médio;1ª série;Competência específica 5;EM13CHS502;Analisar situações da vida cotidiana, estilos de vida, valores, condutas etc., desnaturalizando e problematizando formas de desigualdade, preconceito, intolerância e discriminação, e identificar ações que promovam os Direitos Humanos, a solidariedade e o respeito às diferenças e às liberdades individuais.;unidade_tematica
Geografia;Ensino Médio;1ª série;Competência específica 5;EM13CHS503;Identificar diversas formas de violência (física, simbólica, psicológica etc.), suas principais vítimas, suas causas sociais, psicológicas e afetivas, seus significados e usos políticos, sociais e culturais, discutindo e avaliando mecanismos para combatê-las, com base em argumentos éticos.;unidade_tematica
Geografia;Ensino Médio;1ª série;Competência específica 5;EM13CHS504;Analisar e avaliar os impasses ético-políticos decorrentes das transformações culturais, sociais, históricas, científicas e tecnológicas no mundo contemporâneo e seus desdobramentos nas atitudes e nos valores de indivíduos, grupos sociais, sociedades e culturas.;unidade_tematica
Geografia;Ensino Médio;1ª série;Competência específica 6;EM13CHS601;Identificar e analisar as demandas e os protagonismos políticos, sociais e culturais dos povos indígenas e das populações afrodescendentes (incluindo as quilombolas) no Brasil contemporâneo considerando a história das Américas e o contexto de exclusão e inclusão precária desses grupos na ordem social e econômica atual, promovendo ações para a redução das desigualdades étnico-raciais no país.;unidade_tematica
Geografia;Ensino Médio;1ª série;Competência específica 6;EM13CHS602;Identificar e caracterizar a presença do paternalismo, do autoritarismo e do populismo na política, na sociedade e nas culturas brasileira e latino-americana, em períodos ditatoriais e democráticos, relacionando-os com as formas de organização e de articulação das sociedades em defesa da autonomia, da liberdade, do diálogo e da promoção da democracia, da cidadania e dos direitos humanos na sociedade atual.;unidade_tematica
Geografia;Ensino Médio;1ª série;Competência específica 6;EM13CHS603;Analisar a formação de diferentes países, povos e nações e de suas experiências políticas e de exercício da cidadania, aplicando conceitos políticos básicos (Estado, poder, formas, sistemas e regimes de governo, soberania etc.).;unidade_tematica
Geografia;Ensino Médio;1ª série;Competência específica 6;EM13CHS604;Discutir o papel dos organismos internacionais no contexto mundial, com vistas à elaboração de uma visão crítica sobre seus limites e suas formas de atuação nos países, considerando os aspectos positivos e negativos dessa atuação para as populações locais.;unidade_tematica
Geografia;Ensino Médio;1ª série;Competência específica 6;EM13CHS605;Analisar os princípios da declaração dos Direitos Humanos, recorrendo às noções de justiça, igualdade e fraternidade, identificar os progressos e entraves à concretização desses direitos nas diversas sociedades contemporâneas e promover ações concretas diante da desigualdade e das violações desses direitos em diferentes espaços de vivência, respeitando a identidade de cada grupo e de cada indivíduo.;unidade_tematica
Geografia;Ensino Médio;1ª série;Competência específica 6;EM13CHS606;Analisar as características socioeconômicas da sociedade brasileira - com base na análise de documentos (dados, tabelas, mapas etc.) de diferentes fontes - e propor medidas para enfrentar os problemas identificados e construir uma sociedade mais próspera, justa e inclusiva, que valorize o protagonismo de seus cidadãos e promova o autoconhecimento, a autoestima, a autoconfiança e a empatia.;unidade_tematica
História;Ensino Médio;1ª série;Competência específica 1;EM13CHS101;Identificar, analisar e comparar diferentes fontes e narrativas expressas em diversas linguagens, com vistas à compreensão de ideias filosóficas e de processos e eventos históricos, geográficos, políticos, econômicos, sociais, ambientais e culturais.;unidade_tematica
História;Ensino Médio;1ª série;Competência específica 1;EM13CHS102;Identificar, analisar e discutir as circunstâncias históricas, geográficas, políticas, econômicas, sociais, ambientais e culturais de matrizes conceituais (etnocentrismo, racismo, evolução, modernidade, cooperativismo/desenvolvimento etc.), avaliando criticamente seu significado histórico e comparando-as a narrativas que contemplem outros agentes e discursos.;unidade_tematica
História;Ensino Médio;1ª série;Competência específica 1;EM13CHS103;Elaborar hipóteses, selecionar evidências e compor argumentos relativos a processos políticos, econômicos, sociais, ambientais, culturais e epistemológicos, com base na sistematização de dados e informações de diversas naturezas (expressões artísticas, textos filosóficos e sociológicos, documentos históricos e geográficos, gráficos, mapas, tabelas, tradições orais, entre outros).;unidade_tematica
História;Ensino Médio;1ª série;Competência específica 1;EM13CHS104;Analisar objetos e vestígios da cultura material e imaterial de modo a identificar conhecimentos, valores, crenças e práticas que caracterizam a identidade e a diversidade cultural de diferentes sociedades inseridas no tempo e no espaço.;unidade_tematica
História;Ensino Médio;1ª série;Competência específica 1;EM13CHS105;Identificar, contextualizar e criticar tipologias evolutivas (populações nômades e sedentárias, entre outras) e oposições dicotômicas (cidade/campo, cultura/ natureza, civilizados/bárbaros, razão/emoção, material/virtual etc.), explicitando suas ambiguidades.;unidade_tematica
História;Ensino Médio;1ª série;Competência específica 1;EM13CHS106;Utilizar as linguagens cartográfica, gráfica e iconográfica, diferentes gêneros textuais e tecnologias digitais de informação e comunicação de forma crítica, significativa, reflexiva e ética nas diversas práticas sociais, incluindo as escolares, para se comunicar, acessar e difundir informações, produzir conhecimentos, resolver problemas e exercer protagonismo e autoria na vida pessoal e coletiva.;unidade_tematica
História;Ensino Médio;1ª série;Competência específica 2;EM13CHS201;Analisar e caracterizar as dinâmicas das populações, das mercadorias e do capital nos diversos continentes, com destaque para a mobilidade e a fixação de pessoas, grupos humanos e povos, em função de eventos naturais, políticos, econômicos, sociais, religiosos e culturais, de modo a compreender e posicionar-se criticamente em relação a esses processos e às possíveis relações entre eles.;unidade_tematica
História;Ensino Médio;1ª série;Competência específica 2;EM13CHS202;Analisar e avaliar os impactos das tecnologias na estruturação e nas dinâmicas de grupos, povos e sociedades contemporâneos (fluxos populacionais, financeiros, de mercadorias, de informações, de valores éticos e culturais etc.), bem como suas interferências nas decisões políticas, sociais, ambientais, econômicas e culturais.;unidade_tematica
História;Ensino Médio;1ª série;Competência específica 2;EM13CHS203;Comparar os significados de território, fronteiras e vazio (espacial, temporal e cultural) em diferentes sociedades, contextualizando e relativizando visões dualistas (civilização/barbárie, nomadismo/sedentarismo, esclarecimento/obscurantismo, cidade/campo, entre outras).;unidade_tematica
História;Ensino Médio;1ª série;Competência específica 2;EM13CHS204;Comparar e avaliar os processos de ocupação do espaço e a formação de territórios, territorialidades e fronteiras, identificando o papel de diferentes agentes (como grupos sociais e culturais, impérios, Estados Nacionais e organismos internacionais) e considerando os conflitos populacionais (internos e externos), a diversidade étnico-cultural e as características socioeconômicas, políticas e tecnológicas.;unidade_tematica
História;Ensino Médio;1ª série;Competência específica 2;EM13CHS205;Analisar a produção de diferentes territorialidades em suas dimensões culturais, econômicas, ambientais, políticas e sociais, no Brasil e no mundo contemporâneo, com destaque para as culturas juvenis.;unidade_tematica
História;Ensino Médio;1ª série;Competência específica 2;EM13CHS206;Analisar a ocupação humana e a produção do espaço em diferentes tempos, aplicando os princípios de localização, distribuição, ordem, extensão, conexão, arranjos, casualidade, entre outros que contribuem para o raciocínio geográfico.;unidade_tematica
História;Ensino Médio;1ª série;Competência específica 3;EM13CHS301;Problematizar hábitos e práticas individuais e coletivos de produção, reaproveitamento e descarte de resíduos em metrópoles, áreas urbanas e rurais, e comunidades com diferentes características socioeconômicas, e elaborar e/ou selecionar propostas de ação que promovam a sustentabilidade socioambiental, o combate à poluição sistêmica e o consumo responsável.;unidade_tematica
História;Ensino Médio;1ª série;Competência específica 3;EM13CHS302;Analisar e avaliar criticamente os impactos econômicos e socioambientais de cadeias produtivas ligadas à exploração de recursos naturais e às atividades agropecuárias em diferentes ambientes e escalas de análise, considerando o modo de vida das populações locais - entre elas as indígenas, quilombolas e demais comunidades tradicionais -, suas práticas agroextrativistas e o compromisso com a sustentabilidade.;unidade_tematica
História;Ensino Médio;1ª série;Competência específica 3;EM13CHS303;Debater e avaliar o papel da indústria cultural e das culturas de massa no estímulo ao consumismo, seus impactos econômicos e socioambientais, com vistas à percepção crítica das necessidades criadas pelo consumo e à adoção de hábitos sustentáveis.;unidade_tematica
História;Ensino Médio;1ª série;Competência específica 3;EM13CHS304;Analisar os impactos socioambientais decorrentes de práticas de instituições governamentais, de empresas e de indivíduos, discutindo as origens dessas práticas, selecionando, incorporando e promovendo aquelas que favoreçam a consciência e a ética socioambiental e o consumo responsável.;unidade_tematica
História;Ensino Médio;1ª série;Competência específica 3;EM13CHS305;Analisar e discutir o papel e as competências legais dos organismos nacionais e internacionais de regulação, controle e fiscalização ambiental e dos acordos internacionais para a promoção e a garantia de práticas ambientais sustentáveis.;unidade_tematica
História;Ensino Médio;1ª série;Competência específica 3;EM13CHS306;Contextualizar, comparar e avaliar os impactos de diferentes modelos socioeconômicos no uso dos recursos naturais e na promoção da sustentabilidade econômica e socioambiental do planeta (como a adoção dos sistemas da agrobiodiversidade e agroflorestal por diferentes comunidades, entre outros).;unidade_tematica
História;Ensino Médio;1ª série;Competência específica 4;EM13CHS401;Identificar e analisar as relações entre sujeitos, grupos, classes sociais e sociedades com culturas distintas diante das transformações técnicas, tecnológicas e informacionais e das novas formas de trabalho ao longo do tempo, em diferentes espaços (urbanos e rurais) e contextos.;unidade_tematica
História;Ensino Médio;1ª série;Competência específica 4;EM13CHS402;Analisar e comparar indicadores de emprego, trabalho e renda em diferentes espaços, escalas e tempos, associando-os a processos de estratificação e desigualdade socioeconômica.;unidade_tematica
História;Ensino Médio;1ª série;Competência específica 4;EM13CHS403;Caracterizar e analisar os impactos das transformações tecnológicas nas relações sociais e de trabalho próprias da contemporaneidade, promovendo ações voltadas à superação das desigualdades sociais, da opressão e da violação dos Direitos Humanos.;unidade_tematica
História;Ensino Médio;1ª série;Competência específica 4;EM13CHS404;Identificar e discutir os múltiplos aspectos do trabalho em diferentes circunstâncias e contextos históricos e/ou geográficos e seus efeitos sobre as gerações, em especial, os jovens, levando em consideração, na atualidade, as transformações técnicas, tecnológicas e informacionais.;unidade_tematica
História;Ensino Médio;1ª série;Competência específica 5;EM13CHS501;Analisar os fundamentos da ética em diferentes culturas, tempos e espaços, identificando processos que contribuem para a formação de sujeitos éticos que valorizem a liberdade, a cooperação, a autonomia, o empreendedorismo, a convivência democrática e a solidariedade.;unidade_tematica
História;Ensino Médio;1ª série;Competência específica 5;EM13CHS502;Analisar situações da vida cotidiana, estilos de vida, valores, condutas etc., desnaturalizando e problematizando formas de desigualdade, preconceito, intolerância e discriminação, e identificar ações que promovam os Direitos Humanos, a solidariedade e o respeito às diferenças e às liberdades individuais.;unidade_tematica
História;Ensino Médio;1ª série;Competência específica 5;EM13CHS503;Identificar diversas formas de violência (física, simbólica, psicológica etc.), suas principais vítimas, suas causas sociais, psicológicas e afetivas, seus significados e usos políticos, sociais e culturais, discutindo e avaliando mecanismos para combatê-las, com base em argumentos éticos.;unidade_tematica
História;Ensino Médio;1ª série;Competência específica 5;EM13CHS504;Analisar e avaliar os impasses ético-políticos decorrentes das transformações culturais, sociais, históricas, científicas e tecnológicas no mundo contemporâneo e seus desdobramentos nas atitudes e nos valores de indivíduos, grupos sociais, sociedades e culturas.;unidade_tematica
História;Ensino Médio;1ª série;Competência específica 6;EM13CHS601;Identificar e analisar as demandas e os protagonismos políticos, sociais e culturais dos povos indígenas e das populações afrodescendentes (incluindo as quilombolas) no Brasil contemporâneo considerando a história das Américas e o contexto de exclusão e inclusão precária desses grupos na ordem social e econômica atual, promovendo ações para a redução das desigualdades étnico-raciais no país.;unidade_tematica
História;Ensino Médio;1ª série;Competência específica 6;EM13CHS602;Identificar e caracterizar a presença do paternalismo, do autoritarismo e do populismo na política, na sociedade e nas culturas brasileira e latino-americana, em períodos ditatoriais e democráticos, relacionando-os com as formas de organização e de articulação das sociedades em defesa da autonomia, da liberdade, do diálogo e da promoção da democracia, da cidadania e dos direitos humanos na sociedade atual.;unidade_tematica
História;Ensino Médio;1ª série;Competência específica 6;EM13CHS603;Analisar a formação de diferentes países, povos e nações e de suas experiências políticas e de exercício da cidadania, aplicando conceitos políticos básicos (Estado, poder, formas, sistemas e regimes de governo, soberania etc.).;unidade_tematica
História;Ensino Médio;1ª série;Competência específica 6;EM13CHS604;Discutir o papel dos organismos internacionais no contexto mundial, com vistas à elaboração de uma visão crítica sobre seus limites e suas formas de atuação nos países, considerando os aspectos positivos e negativos dessa atuação para as populações locais.;unidade_tematica
História;Ensino Médio;1ª série;Competência específica 6;EM13CHS605;Analisar os princípios da declaração dos Direitos Humanos, recorrendo às noções de justiça, igualdade e fraternidade, identificar os progressos e entraves à concretização desses direitos nas diversas sociedades contemporâneas e promover ações concretas diante da desigualdade e das violações desses direitos em diferentes espaços de vivência, respeitando a identidade de cada grupo e de cada indivíduo.;unidade_tematica
História;Ensino Médio;1ª série;Competência específica 6;EM13CHS606;Analisar as características socioeconômicas da sociedade brasileira - com base na análise de documentos (dados, tabelas, mapas etc.) de diferentes fontes - e propor medidas para enfrentar os problemas identificados e construir uma sociedade mais próspera, justa e inclusiva, que valorize o protagonismo de seus cidadãos e promova o autoconhecimento, a autoestima, a autoconfiança e a empatia.;unidade_tematica
Inglês;Ensino Médio;1ª série;Competência específica 1;EM13LGG101;Compreender e analisar processos de produção e circulação de discursos, nas diferentes linguagens, para fazer escolhas fundamentadas em função de interesses pessoais e coletivos.;unidade_tematica
Inglês;Ensino Médio;1ª série;Competência específica 1;EM13LGG102;Analisar visões de mundo, conflitos de interesse, preconceitos e ideologias presentes nos discursos veiculados nas diferentes mídias, ampliando suas possibilidades de explicação, interpretação e intervenção crítica da/na realidade.;unidade_tematica
Inglês;Ensino Médio;1ª série;Competência específica 1;EM13LGG103;Analisar o funcionamento das linguagens, para interpretar e produzir criticamente discursos em textos de diversas semioses (visuais, verbais, sonoras, gestuais).;unidade_tematica
Inglês;Ensino Médio;1ª série;Competência específica 1;EM13LGG104;Utilizar as diferentes linguagens, levando em conta seus funcionamentos, para a compreensão e produção de textos e discursos em diversos campos de atuação social.;unidade_tematica
Inglês;Ensino Médio;1ª série;Competência específica 1;EM13LGG105;Analisar e experimentar diversos processos de remidiação de produções multissemióticas, multimídia e transmídia, desenvolvendo diferentes modos de participação e intervenção social.;unidade_tematica
Inglês;Ensino Médio;1ª série;Competência específica 2;EM13LGG201;Utilizar as diversas linguagens (artísticas, corporais e verbais) em diferentes contextos, valorizando-as como fenômeno social, cultural, histórico, variável, heterogêneo e sensível aos contextos de uso.;unidade_tematica
Inglês;Ensino Médio;1ª série;Competência específica 2;EM13LGG202;Analisar interesses, relações de poder e perspectivas de mundo nos discursos das diversas práticas de linguagem (artísticas, corporais e verbais), compreendendo criticamente o modo como circulam, constituem-se e (re)produzem significação e ideologias.;unidade_tematica
Inglês;Ensino Médio;1ª série;Competência específica 2;EM13LGG203;Analisar os diálogos e os processos de disputa por legitimidade nas práticas de linguagem e em suas produções (artísticas, corporais e verbais).;unidade_tematica
Inglês;Ensino Médio;1ª série;Competência específica 2;EM13LGG204;Dialogar e produzir entendimento mútuo, nas diversas linguagens (artísticas, corporais e verbais), com vistas ao interesse comum pautado em princípios e valores de equidade assentados na democracia e nos Direitos Humanos.;unidade_tematica
Inglês;Ensino Médio;1ª série;Competência específica 3;EM13LGG301;Participar de processos de produção individual e colaborativa em diferentes linguagens (artísticas, corporais e verbais), levando em conta suas formas e seus funcionamentos, para produzir sentidos em diferentes contextos.;unidade_tematica
Inglês;Ensino Médio;1ª série;Competência específica 3;EM13LGG302;Posicionar-se criticamente diante de diversas visões de mundo presentes nos discursos em diferentes linguagens, levando em conta seus contextos de produção e de circulação.;unidade_tematica
Inglês;Ensino Médio;1ª série;Competência específica 3;EM13LGG303;Debater questões polêmicas de relevância social, analisando diferentes argumentos e opiniões, para formular, negociar e sustentar posições, frente à análise de perspectivas distintas.;unidade_tematica
Inglês;Ensino Médio;1ª série;Competência específica 3;EM13LGG304;Formular propostas, intervir e tomar decisões que levem em conta o bem comum e os Direitos Humanos, a consciência socioambiental e o consumo responsável em âmbito local, regional e global.;unidade_tematica
Inglês;Ensino Médio;1ª série;Competência específica 3;EM13LGG305;Mapear e criar, por meio de práticas de linguagem, possibilidades de atuação social, política, artística e cultural para enfrentar desafios contemporâneos, discutindo princípios e objetivos dessa atuação de maneira crítica, criativa, solidária e ética.;unidade_tematica
Inglês;Ensino Médio;1ª série;Competência específica 4;EM13LGG401;Analisar criticamente textos de modo a compreender e caracterizar as línguas como fenômeno (geo)político, histórico, social, cultural, variável, heterogêneo e sensível aos contextos de uso.;unidade_tematica
Inglês;Ensino Médio;1ª série;Competência específica 4;EM13LGG402;Empregar, nas interações sociais, a variedade e o estilo de língua adequados à situação comunicativa, ao(s) interlocutor(es) e ao gênero do discurso, respeitando os usos das línguas por esse(s) interlocutor(es) e sem preconceito linguístico.;unidade_tematica
Inglês;Ensino Médio;1ª série;Competência específica 4;EM13LGG403;Fazer uso do inglês como língua de comunicação global, levando em conta a multiplicidade e variedade de usos, usuários e funções dessa língua no mundo contemporâneo.;unidade_tematica
Inglês;Ensino Médio;1ª série;Competência específica 5;EM13LGG501;Selecionar e utilizar movimentos corporais de forma consciente e intencional para interagir socialmente em práticas corporais, de modo a estabelecer relações construtivas, empáticas, éticas e de respeito às diferenças.;unidade_tematica
Inglês;Ensino Médio;1ª série;Competência específica 5;EM13LGG502;Analisar criticamente preconceitos, estereótipos e relações de poder presentes nas práticas corporais, adotando posicionamento contrário a qualquer manifestação de injustiça e desrespeito a direitos humanos e valores democráticos.;unidade_tematica
Inglês;Ensino Médio;1ª série;Competência específica 5;EM13LGG503;Vivenciar práticas corporais e significá-las em seu projeto de vida, como forma de autoconhecimento, autocuidado com o corpo e com a saúde, socialização e entretenimento.;unidade_tematica
Inglês;Ensino Médio;1ª série;Competência específica 6;EM13LGG601;Apropriar-se do patrimônio artístico de diferentes tempos e lugares, compreendendo a sua diversidade, bem como os processos de legitimação das manifestações artísticas na sociedade, desenvolvendo visão crítica e histórica.;unidade_tematica
Inglês;Ensino Médio;1ª série;Competência específica 6;EM13LGG602;Fruir e apreciar esteticamente diversas manifestações artísticas e culturais, das locais às mundiais, assim como delas participar, de modo a aguçar continuamente a sensibilidade, a imaginação e a criatividade.;unidade_tematica
Inglês;Ensino Médio;1ª série;Competência específica 6;EM13LGG603;Expressar-se e atuar em processos de criação autorais individuais e coletivos nas diferentes linguagens artísticas (artes visuais, audiovisual, dança, música e teatro) e nas intersecções entre elas, recorrendo a referências estéticas e culturais, conhecimentos de naturezas diversas (artísticos, históricos, sociais e políticos) e experiências individuais e coletivas.;unidade_tematica
Inglês;Ensino Médio;1ª série;Competência específica 6;EM13LGG604;Relacionar as práticas artísticas às diferentes dimensões da vida social, cultural, política e econômica e identificar o processo de construção histórica dessas práticas.;unidade_tematica
Inglês;Ensino Médio;1ª série;Competência específica 7;EM13LGG701;Explorar tecnologias digitais da informação e comunicação (TDIC), compreendendo seus princípios e funcionalidades, e utilizá-las de modo ético, criativo, responsável e adequado a práticas de linguagem em diferentes contextos.;unidade_tematica
Inglês;Ensino Médio;1ª série;Competência específica 7;EM13LGG702;Avaliar o impacto das tecnologias digitais da informação e comunicação (TDIC) na formação do sujeito e em suas práticas sociais, para fazer uso crítico dessa mídia em práticas de seleção, compreensão e produção de discursos em ambiente digital.;unidade_tematica
Inglês;Ensino Médio;1ª série;Competência específica 7;EM13LGG703;Utilizar diferentes linguagens, mídias e ferramentas digitais em processos de produção coletiva, colaborativa e projetos autorais em ambientes digitais.;unidade_tematica
Inglês;Ensino Médio;1ª série;Competência específica 7;EM13LGG704;Apropriar-se criticamente de processos de pesquisa e busca de informação, por meio de ferramentas e dos novos formatos de produção e distribuição do conhecimento na cultura de rede.;unidade_tematica
Língua Portuguesa;Ensino Médio;1ª série;Competência específica 2;EM13LP01;Relacionar o texto, tanto na produção como na leitura/escuta, com suas condições de produção e seu contexto sócio-histórico de circulação (leitor/audiência previstos, objetivos, pontos de vista e perspectivas, papel social do autor, época, gênero do discurso etc.), de forma a ampliar as possibilidades de construção de sentidos e de análise crítica e produzir textos adequados a diferentes situações.;unidade_tematica
Língua Portuguesa;Ensino Médio;1ª série;Competência específica 1;EM13LP02;"Estabelecer relações entre as partes do texto, tanto na produção como na leitura/escuta, considerando a construção composicional e o estilo do gênero, usando/reconhecendo adequadamente elementos e recursos coesivos diversos que contribuam para a coerência, a continuidade do texto e sua progressão temática, e organizando informações, tendo em vista as condições de produção e as relações lógico-discursivas envolvidas (causa/efeito ou consequência; tese/argumentos; problema/solução; definição/exemplos etc.).";unidade_tematica
Língua Portuguesa;Ensino Médio;1ª série;Competência específica 1;EM13LP03;Analisar relações de intertextualidade e interdiscursividade que permitam a explicitação de relações dialógicas, a identificação de posicionamentos ou de perspectivas, a compreensão de paráfrases, paródias e estilizações, entre outras possibilidades.;unidade_tematica
Língua Portuguesa;Ensino Médio;1ª série;Competência específica 1;EM13LP04;Estabelecer relações de interdiscursividade e intertextualidade para explicitar, sustentar e conferir consistência a posicionamentos e para construir e corroborar explicações e relatos, fazendo uso de citações e paráfrases devidamente marcadas.;unidade_tematica
Língua Portuguesa;Ensino Médio;1ª série;Competência específica 3;EM13LP05;Analisar, em textos argumentativos, os posicionamentos assumidos, os movimentos argumentativos (sustentação, refutação/contra-argumentação e negociação) e os argumentos utilizados para sustentá-los, para avaliar sua força e eficácia, e posicionar-se criticamente diante da questão discutida e/ou dos argumentos utilizados, recorrendo aos mecanismos linguísticos necessários.;unidade_tematica
Língua Portuguesa;Ensino Médio;1ª série;Competência específica 1;EM13LP06;Analisar efeitos de sentido decorrentes de usos expressivos da linguagem, da escolha de determinadas palavras ou expressões e da ordenação, combinação e contraposição de palavras, dentre outros, para ampliar as possibilidades de construção de sentidos e de uso crítico da língua.;unidade_tematica
Língua Portuguesa;Ensino Médio;1ª série;Competência específica 1;EM13LP07;Analisar, em textos de diferentes gêneros, marcas que expressam a posição do enunciador frente àquilo que é dito: uso de diferentes modalidades (epistêmica, deôntica e apreciativa) e de diferentes recursos gramaticais que operam como modalizadores (verbos modais, tempos e modos verbais, expressões modais, adjetivos, locuções ou orações adjetivas, advérbios, locuções ou orações adverbiais, entonação etc.), uso de estratégias de impessoalização (uso de terceira pessoa e de voz passiva etc.), com vistas ao incremento da compreensão e da criticidade e ao manejo adequado desses elementos nos textos produzidos, considerando os contextos de produção.;unidade_tematica
Língua Portuguesa;Ensino Médio;1ª série;Competência específica 1;EM13LP08;Analisar elementos e aspectos da sintaxe do português, como a ordem dos constituintes da sentença (e os efeito que causam sua inversão), a estrutura dos sintagmas, as categorias sintáticas, os processos de coordenação e subordinação (e os efeitos de seus usos) e a sintaxe de concordância e de regência, de modo a potencializar os processos de compreensão e produção de textos e a possibilitar escolhas adequadas à situação comunicativa.;unidade_tematica
Língua Portuguesa;Ensino Médio;1ª série;Competência específica 4;EM13LP09;Comparar o tratamento dado pela gramática tradicional e pelas gramáticas de uso contemporâneas em relação a diferentes tópicos gramaticais, de forma a perceber as diferenças de abordagem e o fenômeno da variação linguística e analisar motivações que levam ao predomínio do ensino da norma-padrão na escola.;unidade_tematica
Língua Portuguesa;Ensino Médio;1ª série;Competência específica 4;EM13LP10;Analisar o fenômeno da variação linguística, em seus diferentes níveis (variações fonético-fonológica, lexical, sintática, semântica e estilístico-pragmática) e em suas diferentes dimensões (regional, histórica, social, situacional, ocupacional, etária etc.), de forma a ampliar a compreensão sobre a natureza viva e dinâmica da língua e sobre o fenômeno da constituição de variedades linguísticas de prestígio e estigmatizadas, e a fundamentar o respeito às variedades linguísticas e o combate a preconceitos linguísticos.;unidade_tematica
Língua Portuguesa;Ensino Médio;1ª série;Competência específica 7;EM13LP11;Fazer curadoria de informação, tendo em vista diferentes propósitos e projetos discursivos.;unidade_tematica
Língua Portuguesa;Ensino Médio;1ª série;Competência específica 1;EM13LP12;Selecionar informações, dados e argumentos em fontes confiáveis, impressas e digitais, e utilizá-los de forma referenciada, para que o texto a ser produzido tenha um nível de aprofundamento adequado (para além do senso comum) e contemple a sustentação das posições defendidas.;unidade_tematica
Língua Portuguesa;Ensino Médio;1ª série;Competência específica 1;EM13LP13;Analisar, a partir de referências contextuais, estéticas e culturais, efeitos de sentido decorrentes de escolhas de elementos sonoros (volume, timbre, intensidade, pausas, ritmo, efeitos sonoros, sincronização etc.) e de suas relações com o verbal, levando-os em conta na produção de áudios, para ampliar as possibilidades de construção de sentidos e de apreciação.;unidade_tematica
Língua Portuguesa;Ensino Médio;1ª série;Competência específica 1;EM13LP14;Analisar, a partir de referências contextuais, estéticas e culturais, efeitos de sentido decorrentes de escolhas e composição das imagens (enquadramento, ângulo/vetor, foco/profundidade de campo, iluminação, cor, linhas, formas etc.) e de sua sequenciação (disposição e transição, movimentos de câmera, remix, entre outros), das performances (movimentos do corpo, gestos, ocupação do espaço cênico), dos elementos sonoros (entonação, trilha sonora, sampleamento etc.) e das relações desses elementos com o verbal, levando em conta esses efeitos nas produções de imagens e vídeos, para ampliar as possibilidades de construção de sentidos e de apreciação.;unidade_tematica
Língua Portuguesa;Ensino Médio;1ª série;Competência específica 1;EM13LP15;Planejar, produzir, revisar, editar, reescrever e avaliar textos escritos e multissemióticos, considerando sua adequação às condições de produção do texto, no que diz respeito ao lugar social a ser assumido e à imagem que se pretende passar a respeito de si mesmo, ao leitor pretendido, ao veículo e mídia em que o texto ou produção cultural vai circular, ao contexto imediato e sócio-histórico mais geral, ao gênero textual em questão e suas regularidades, à variedade linguística apropriada a esse contexto e ao uso do conhecimento dos aspectos notacionais (ortografia padrão, pontuação adequada, mecanismos de concordância nominal e verbal, regência verbal etc.), sempre que o contexto o exigir.;unidade_tematica
Língua Portuguesa;Ensino Médio;1ª série;Competência específica 1;EM13LP16;Produzir e analisar textos orais, considerando sua adequação aos contextos de produção, à forma composicional e ao estilo do gênero em questão, à clareza, à progressão temática e à variedade linguística empregada, como também aos elementos relacionados à fala (modulação de voz, entonação, ritmo, altura e intensidade, respiração etc.) e à cinestesia (postura corporal, movimentos e gestualidade significativa, expressão facial, contato de olho com plateia etc.).;unidade_tematica
Língua Portuguesa;Ensino Médio;1ª série;Competência específica 3;EM13LP17;Elaborar roteiros para a produção de vídeos variados (vlog, videoclipe, videominuto, documentário etc.), apresentações teatrais, narrativas multimídia e transmídia, podcasts, playlists comentadas etc., para ampliar as possibilidades de produção de sentidos e engajar-se em práticas autorais e coletivas.;unidade_tematica
Língua Portuguesa;Ensino Médio;1ª série;Competência específica 7;EM13LP18;Utilizar softwares de edição de textos, fotos, vídeos e áudio, além de ferramentas e ambientes colaborativos para criar textos e produções multissemióticas com finalidades diversas, explorando os recursos e efeitos disponíveis e apropriando-se de práticas colaborativas de escrita, de construção coletiva do conhecimento e de desenvolvimento de projetos.;unidade_tematica
Língua Portuguesa;Ensino Médio;1ª série;Competência específica 3;EM13LP19;Apresentar-se por meio de textos multimodais diversos (perfis variados, gifs biográficos, biodata, currículo web, videocurrículo etc.) e de ferramentas digitais (ferramenta de gif, wiki, site etc.), para falar de si mesmo de formas variadas, considerando diferentes situações e objetivos.;unidade_tematica
Língua Portuguesa;Ensino Médio;1ª série;Competência específica 2;EM13LP20;Compartilhar gostos, interesses, práticas culturais, temas/ problemas/questões que despertam maior interesse ou preocupação, respeitando e valorizando diferenças, como forma de identificar afinidades e interesses comuns, como também de organizar e/ou participar de grupos, clubes, oficinas e afins.;unidade_tematica
Língua Portuguesa;Ensino Médio;1ª série;Competência específica 1;EM13LP21;Produzir, de forma colaborativa, e socializar playlists comentadas de preferências culturais e de entretenimento, revistas culturais, fanzines, e-zines ou publicações afins que divulguem, comentem e avaliem músicas, games, séries, filmes, quadrinhos, livros, peças, exposições, espetáculos de dança etc., de forma a compartilhar gostos, identificar afinidades, fomentar comunidades etc.;unidade_tematica
Língua Portuguesa;Ensino Médio;1ª série;Competência específica 3;EM13LP22;Construir e/ou atualizar, de forma colaborativa, registros dinâmicos (mapas, wiki etc.) de profissões e ocupações de seu interesse (áreas de atuação, dados sobre formação, fazeres, produções, depoimentos de profissionais etc.) que possibilitem vislumbrar trajetórias pessoais e profissionais.;unidade_tematica
Língua Portuguesa;Ensino Médio;1ª série;Competência específica 1;EM13LP23;Analisar criticamente o histórico e o discurso político de candidatos, propagandas políticas, políticas públicas, programas e propostas de governo, de forma a participar do debate político e tomar decisões conscientes e fundamentadas.;unidade_tematica
Língua Portuguesa;Ensino Médio;1ª série;Competência específica 1;EM13LP24;Analisar formas não institucionalizadas de participação social, sobretudo as vinculadas a manifestações artísticas, produções culturais, intervenções urbanas e formas de expressão típica das culturas juvenis que pretendam expor uma problemática ou promover uma reflexão/ação, posicionando-se em relação a essas produções e manifestações.;unidade_tematica
Língua Portuguesa;Ensino Médio;1ª série;Competência específica 1;EM13LP25;Participar de reuniões na escola (conselho de escola e de classe, grêmio livre etc.), agremiações, coletivos ou movimentos, entre outros, em debates, assembleias, fóruns de discussão etc., exercitando a escuta atenta, respeitando seu turno e tempo de fala, posicionando-se de forma fundamentada, respeitosa e ética diante da apresentação de propostas e defesas de opiniões, usando estratégias linguísticas típicas de negociação e de apoio e/ou de consideração do discurso do outro (como solicitar esclarecimento, detalhamento, fazer referência direta ou retomar a fala do outro, parafraseando-a para endossá-la, enfatizá-la, complementá-la ou enfraquecê-la), considerando propostas alternativas e reformulando seu posicionamento, quando for caso, com vistas ao entendimento e ao bem comum.;unidade_tematica
Língua Portuguesa;Ensino Médio;1ª série;Competência específica 1;EM13LP26;Relacionar textos e documentos legais e normativos de âmbito universal, nacional, local ou escolar que envolvam a definição de direitos e deveres - em especial, os voltados a adolescentes e jovens - aos seus contextos de produção, identificando ou inferindo possíveis motivações e finalidades, como forma de ampliar a compreensão desses direitos e deveres.;unidade_tematica
Língua Portuguesa;Ensino Médio;1ª série;Competência específica 3;EM13LP27;Engajar-se na busca de solução para problemas que envolvam a coletividade, denunciando o desrespeito a direitos, organizando e/ou participando de discussões, campanhas e debates, produzindo textos reivindicatórios, normativos, entre outras possibilidades, como forma de fomentar os princípios democráticos e uma atuação pautada pela ética da responsabilidade, pelo consumo consciente e pela consciência socioambiental.;unidade_tematica
Língua Portuguesa;Ensino Médio;1ª série;Competência específica 3;EM13LP28;Organizar situações de estudo e utilizar procedimentos e estratégias de leitura adequados aos objetivos e à natureza do conhecimento em questão.;unidade_tematica
Língua Portuguesa;Ensino Médio;1ª série;Competência específica 2;EM13LP29;Resumir e resenhar textos, por meio do uso de paráfrases, de marcas do discurso reportado e de citações, para uso em textos de divulgação de estudos e pesquisas.;unidade_tematica
Língua Portuguesa;Ensino Médio;1ª série;Competência específica 7;EM13LP30;Realizar pesquisas de diferentes tipos (bibliográfica, de campo, experimento científico, levantamento de dados etc.), usando fontes abertas e confiáveis, registrando o processo e comunicando os resultados, tendo em vista os objetivos pretendidos e demais elementos do contexto de produção, como forma de compreender como o conhecimento científico é produzido e apropriar-se dos procedimentos e dos gêneros textuais envolvidos na realização de pesquisas.;unidade_tematica
Língua Portuguesa;Ensino Médio;1ª série;Competência específica 1;EM13LP31;Compreender criticamente textos de divulgação científica orais, escritos e multissemióticos de diferentes áreas do conhecimento, identificando sua organização tópica e a hierarquização das informações, identificando e descartando fontes não confiáveis e problematizando enfoques tendenciosos ou superficiais.;unidade_tematica
Língua Portuguesa;Ensino Médio;1ª série;Competência específica 7;EM13LP32;Selecionar informações e dados necessários para uma dada pesquisa (sem excedê-los) em diferentes fontes (orais, impressas, digitais etc.) e comparar autonomamente esses conteúdos, levando em conta seus contextos de produção, referências e índices de confiabilidade, e percebendo coincidências, complementaridades, contradições, erros ou imprecisões conceituais e de dados, de forma a compreender e posicionar-se criticamente sobre esses conteúdos e estabelecer recortes precisos.;unidade_tematica
Língua Portuguesa;Ensino Médio;1ª série;Competência específica 3;EM13LP33;Selecionar, elaborar e utilizar instrumentos de coleta de dados e informações (questionários, enquetes, mapeamentos, opinários) e de tratamento e análise dos conteúdos obtidos, que atendam adequadamente a diferentes objetivos de pesquisa.;unidade_tematica
Língua Portuguesa;Ensino Médio;1ª série;Competência específica 3;EM13LP34;Produzir textos para a divulgação do conhecimento e de resultados de levantamentos e pesquisas - texto monográfico, ensaio, artigo de divulgação científica, verbete de enciclopédia (colaborativa ou não), infográfico (estático ou animado), relato de experimento, relatório, relatório multimidiático de campo, reportagem científica, podcast ou vlog científico, apresentações orais, seminários, comunicações em mesas redondas, mapas dinâmicos etc. -, considerando o contexto de produção e utilizando os conhecimentos sobre os gêneros de divulgação científica, de forma a engajar-se em processos significativos de socialização e divulgação do conhecimento.;unidade_tematica
Língua Portuguesa;Ensino Médio;1ª série;Competência específica 7;EM13LP35;Utilizar adequadamente ferramentas de apoio a apresentações orais, escolhendo e usando tipos e tamanhos de fontes que permitam boa visualização, topicalizando e/ou organizando o conteúdo em itens, inserindo de forma adequada imagens, gráficos, tabelas, formas e elementos gráficos, dimensionando a quantidade de texto e imagem por slide e usando, de forma harmônica, recursos (efeitos de transição, slides mestres, layouts personalizados, gravação de áudios em slides etc.).;unidade_tematica
Língua Portuguesa;Ensino Médio;1ª série;Competência específica 2;EM13LP36;Analisar os interesses que movem o campo jornalístico, os impactos das novas tecnologias digitais de informação e comunicação e da Web 2.0 no campo e as condições que fazem da informação uma mercadoria e da checagem de informação uma prática (e um serviço) essencial, adotando atitude analítica e crítica diante dos textos jornalísticos.;unidade_tematica
Língua Portuguesa;Ensino Médio;1ª série;Competência específica 2;EM13LP37;Conhecer e analisar diferentes projetos editorias - institucionais, privados, públicos, financiados, independentes etc. -, de forma a ampliar o repertório de escolhas possíveis de fontes de informação e opinião, reconhecendo o papel da mídia plural para a consolidação da democracia.;unidade_tematica
Língua Portuguesa;Ensino Médio;1ª série;Competência específica 1;EM13LP38;Analisar os diferentes graus de parcialidade/imparcialidade (no limite, a não neutralidade) em textos noticiosos, comparando relatos de diferentes fontes e analisando o recorte feito de fatos/dados e os efeitos de sentido provocados pelas escolhas realizadas pelo autor do texto, de forma a manter uma atitude crítica diante dos textos jornalísticos e tornar-se consciente das escolhas feitas como produtor.;unidade_tematica
Língua Portuguesa;Ensino Médio;1ª série;Competência específica 7;EM13LP39;"Usar procedimentos de checagem de fatos noticiados e fotos publicadas (verificar/avaliar veículo, fonte, data e local da publicação, autoria, URL, formatação; comparar diferentes fontes; consultar ferramentas e sites checadores etc.), de forma a combater a proliferação de notícias falsas (fake news).";unidade_tematica
Língua Portuguesa;Ensino Médio;1ª série;Competência específica 2;EM13LP40;Analisar o fenômeno da pós-verdade - discutindo as condições e os mecanismos de disseminação de fake news e também exemplos, causas e consequências desse fenômeno e da prevalência de crenças e opiniões sobre fatos -, de forma a adotar atitude crítica em relação ao fenômeno e desenvolver uma postura flexível que permita rever crenças e opiniões quando fatos apurados as contradisserem.;unidade_tematica
Língua Portuguesa;Ensino Médio;1ª série;Competência específica 7;EM13LP41;Analisar os processos humanos e automáticos de curadoria que operam nas redes sociais e outros domínios da internet, comparando os feeds de diferentes páginas de redes sociais e discutindo os efeitos desses modelos de curadoria, de forma a ampliar as possibilidades de trato com o diferente e minimizar o efeito bolha e a manipulação de terceiros.;unidade_tematica
Língua Portuguesa;Ensino Médio;1ª série;Competência específica 2;EM13LP42;Acompanhar, analisar e discutir a cobertura da mídia diante de acontecimentos e questões de relevância social, local e global, comparando diferentes enfoques e perspectivas, por meio do uso de ferramentas de curadoria (como agregadores de conteúdo) e da consulta a serviços e fontes de checagem e curadoria de informação, de forma a aprofundar o entendimento sobre um determinado fato ou questão, identificar o enfoque preponderante da mídia e manter-se implicado, de forma crítica, com os fatos e as questões que afetam a coletividade.;unidade_tematica
Língua Portuguesa;Ensino Médio;1ª série;Competência específica 7;EM13LP43;Atuar de forma fundamentada, ética e crítica na produção e no compartilhamento de comentários, textos noticiosos e de opinião, memes, gifs, remixes variados etc. em redes sociais ou outros ambientes digitais.;unidade_tematica
Língua Portuguesa;Ensino Médio;1ª série;Competência específica 1;EM13LP44;Analisar formas contemporâneas de publicidade em contexto digital (advergame, anúncios em vídeos, social advertising, unboxing, narrativa mercadológica, entre outras), e peças de campanhas publicitárias e políticas (cartazes, folhetos, anúncios, propagandas em diferentes mídias, spots, jingles etc.), identificando valores e representações de situações, grupos e configurações sociais veiculadas, desconstruindo estereótipos, destacando estratégias de engajamento e viralização e explicando os mecanismos de persuasão utilizados e os efeitos de sentido provocados pelas escolhas feitas em termos de elementos e recursos linguístico-discursivos, imagéticos, sonoros, gestuais e espaciais, entre outros.;unidade_tematica
Língua Portuguesa;Ensino Médio;1ª série;Competência específica 1;EM13LP45;Analisar, discutir, produzir e socializar, tendo em vista temas e acontecimentos de interesse local ou global, notícias, fotodenúncias, fotorreportagens, reportagens multimidiáticas, documentários, infográficos, podcasts noticiosos, artigos de opinião, críticas da mídia, vlogs de opinião, textos de apresentação e apreciação de produções culturais (resenhas, ensaios etc.) e outros gêneros próprios das formas de expressão das culturas juvenis (vlogs e podcasts culturais, gameplay etc.), em várias mídias, vivenciando de forma significativa o papel de repórter, analista, crítico, editorialista ou articulista, leitor, vlogueiro e booktuber, entre outros.;unidade_tematica
Língua Portuguesa;Ensino Médio;1ª série;Competência específica 6;EM13LP46;Compartilhar sentidos construídos na leitura/escuta de textos literários, percebendo diferenças e eventuais tensões entre as formas pessoais e as coletivas de apreensão desses textos, para exercitar o diálogo cultural e aguçar a perspectiva crítica.;unidade_tematica
Língua Portuguesa;Ensino Médio;1ª série;Competência específica 3;EM13LP47;Participar de eventos (saraus, competições orais, audições, mostras, festivais, feiras culturais e literárias, rodas e clubes de leitura, cooperativas culturais, jograis, repentes, slams etc.), inclusive para socializar obras da própria autoria (poemas, contos e suas variedades, roteiros e microrroteiros, videominutos, playlists comentadas de música etc.) e/ou interpretar obras de outros, inserindo-se nas diferentes práticas culturais de seu tempo.;unidade_tematica
Língua Portuguesa;Ensino Médio;1ª série;Competência específica 1;EM13LP48;Identificar assimilações, rupturas e permanências no processo de constituição da literatura brasileira e ao longo de sua trajetória, por meio da leitura e análise de obras fundamentais do cânone ocidental, em especial da literatura portuguesa, para perceber a historicidade de matrizes e procedimentos estéticos.;unidade_tematica
Língua Portuguesa;Ensino Médio;1ª série;Competência específica 1;EM13LP49;Perceber as peculiaridades estruturais e estilísticas de diferentes gêneros literários (a apreensão pessoal do cotidiano nas crônicas, a manifestação livre e subjetiva do eu lírico diante do mundo nos poemas, a múltipla perspectiva da vida humana e social dos romances, a dimensão política e social de textos da literatura marginal e da periferia etc.) para experimentar os diferentes ângulos de apreensão do indivíduo e do mundo pela literatura.;unidade_tematica
Língua Portuguesa;Ensino Médio;1ª série;Competência específica 6;EM13LP50;Analisar relações intertextuais e interdiscursivas entre obras de diferentes autores e gêneros literários de um mesmo momento histórico e de momentos históricos diversos, explorando os modos como a literatura e as artes em geral se constituem, dialogam e se retroalimentam.;unidade_tematica
Língua Portuguesa;Ensino Médio;1ª série;Competência específica 3;EM13LP51;Selecionar obras do repertório artístico-literário contemporâneo à disposição segundo suas predileções, de modo a constituir um acervo pessoal e dele se apropriar para se inserir e intervir com autonomia e criticidade no meio cultural.;unidade_tematica
Língua Portuguesa;Ensino Médio;1ª série;Competência específica 1;EM13LP52;Analisar obras significativas das literaturas brasileiras e de outros países e povos, em especial a portuguesa, a indígena, a africana e a latino-americana, com base em ferramentas da crítica literária (estrutura da composição, estilo, aspectos discursivos) ou outros critérios relacionados a diferentes matrizes culturais, considerando o contexto de produção (visões de mundo, diálogos com outros textos, inserções em movimentos estéticos e culturais etc.) e o modo como dialogam com o presente.;unidade_tematica
Língua Portuguesa;Ensino Médio;1ª série;Competência específica 1;EM13LP53;Produzir apresentações e comentários apreciativos e críticos sobre livros, filmes, discos, canções, espetáculos de teatro e dança, exposições etc. (resenhas, vlogs e podcasts literários e artísticos, playlists comentadas, fanzines, e-zines etc.).;unidade_tematica
Língua Portuguesa;Ensino Médio;1ª série;Competência específica 1;EM13LP54;Criar obras autorais, em diferentes gêneros e mídias - mediante seleção e apropriação de recursos textuais e expressivos do repertório artístico -, e/ou produções derivadas (paródias, estilizações, fanfics, fanclipes etc.), como forma de dialogar crítica e/ou subjetivamente com o texto literário.;unidade_tematica
Matemática;Ensino Médio;1ª série;Competência específica 1;EM13MAT101;Interpretar criticamente situações econômicas, sociais e fatos relativos às Ciências da Natureza que envolvam a variação de grandezas, pela análise dos gráficos das funções representadas e das taxas de variação, com ou sem apoio de tecnologias digitais.;unidade_tematica
Matemática;Ensino Médio;1ª série;Competência específica 1;EM13MAT102;Analisar tabelas, gráficos e amostras de pesquisas estatísticas apresentadas em relatórios divulgados por diferentes meios de comunicação, identificando, quando for o caso, inadequações que possam induzir a erros de interpretação, como escalas e amostras não apropriadas.;unidade_tematica
Matemática;Ensino Médio;1ª série;Competência específica 1;EM13MAT103;Interpretar e compreender textos científicos ou divulgados pelas mídias, que empregam unidades de medida de diferentes grandezas e as conversões possíveis entre elas, adotadas ou não pelo Sistema Internacional (SI), como as de armazenamento e velocidade de transferência de dados, ligadas aos avanços tecnológicos.;unidade_tematica
Matemática;Ensino Médio;1ª série;Competência específica 1;EM13MAT104;Interpretar taxas e índices de natureza socioeconômica (índice de desenvolvimento humano, taxas de inflação, entre outros), investigando os processos de cálculo desses números, para analisar criticamente a realidade e produzir argumentos.;unidade_tematica
Matemática;Ensino Médio;1ª série;Competência específica 1;EM13MAT105;Utilizar as noções de transformações isométricas (translação, reflexão, rotação e composições destas) e transformações homotéticas para construir figuras e analisar elementos da natureza e diferentes produções humanas (fractais, construções civis, obras de arte, entre outras).;unidade_tematica
Matemática;Ensino Médio;1ª série;Competência específica 1;EM13MAT106;Identificar situações da vida cotidiana nas quais seja necessário fazer escolhas levando-se em conta os riscos probabilísticos (usar este ou aquele método contraceptivo, optar por um tratamento médico em detrimento de outro etc.).;unidade_tematica
Matemática;Ensino Médio;1ª série;Competência específica 2;EM13MAT201;Propor ou participar de ações adequadas às demandas da região, preferencialmente para sua comunidade, envolvendo medições e cálculos de perímetro, de área, de volume, de capacidade ou de massa.;unidade_tematica
Matemática;Ensino Médio;1ª série;Competência específica 2;EM13MAT202;Planejar e executar pesquisa amostral sobre questões relevantes, usando dados coletados diretamente ou em diferentes fontes, e comunicar os resultados por meio de relatório contendo gráficos e interpretação das medidas de tendência central e das medidas de dispersão (amplitude e desvio padrão), utilizando ou não recursos tecnológicos.;unidade_tematica
Matemática;Ensino Médio;1ª série;Competência específica 2;EM13MAT203;Aplicar conceitos matemáticos no planejamento, na execução e na análise de ações envolvendo a utilização de aplicativos e a criação de planilhas (para o controle de orçamento familiar, simuladores de cálculos de juros simples e compostos, entre outros), para tomar decisões.;unidade_tematica
Matemática;Ensino Médio;1ª série;Competência específica 3;EM13MAT301;Resolver e elaborar problemas do cotidiano, da Matemática e de outras áreas do conhecimento, que envolvem equações lineares simultâneas, usando técnicas algébricas e gráficas, com ou sem apoio de tecnologias digitais.;unidade_tematica
Matemática;Ensino Médio;1ª série;Competência específica 3;EM13MAT302;Construir modelos empregando as funções polinomiais de 1º ou 2º graus, para resolver problemas em contextos diversos, com ou sem apoio de tecnologias digitais.;unidade_tematica
Matemática;Ensino Médio;1ª série;Competência específica 3;EM13MAT303;Interpretar e comparar situações que envolvam juros simples com as que envolvem juros compostos, por meio de representações gráficas ou análise de planilhas, destacando o crescimento linear ou exponencial de cada caso.;unidade_tematica
Matemática;Ensino Médio;1ª série;Competência específica 3;EM13MAT304;Resolver e elaborar problemas com funções exponenciais nos quais seja necessário compreender e interpretar a variação das grandezas envolvidas, em contextos como o da Matemática Financeira, entre outros.;unidade_tematica
Matemática;Ensino Médio;1ª série;Competência específica 3;EM13MAT305;Resolver e elaborar problemas com funções logarítmicas nos quais seja necessário compreender e interpretar a variação das grandezas envolvidas, em contextos como os de abalos sísmicos, pH, radioatividade, Matemática Financeira, entre outros.;unidade_tematica
Matemática;Ensino Médio;1ª série;Competência específica 3;EM13MAT306;Resolver e elaborar problemas em contextos que envolvem fenômenos periódicos reais (ondas sonoras, fases da lua, movimentos cíclicos, entre outros) e comparar suas representações com as funções seno e cosseno, no plano cartesiano, com ou sem apoio de aplicativos de álgebra e geometria.;unidade_tematica
Matemática;Ensino Médio;1ª série;Competência específica 3;EM13MAT307;Empregar diferentes métodos para a obtenção da medida da área de uma superfície (reconfigurações, aproximação por cortes etc.) e deduzir expressões de cálculo para aplicá-las em situações reais (como o remanejamento e a distribuição de plantações, entre outros), com ou sem apoio de tecnologias digitais.;unidade_tematica
Matemática;Ensino Médio;1ª série;Competência específica 3;EM13MAT308;Aplicar as relações métricas, incluindo as leis do seno e do cosseno ou as noções de congruência e semelhança, para resolver e elaborar problemas que envolvem triângulos, em variados contextos.;unidade_tematica
Matemática;Ensino Médio;1ª série;Competência específica 3;EM13MAT309;Resolver e elaborar problemas que envolvem o cálculo de áreas totais e de volumes de prismas, pirâmides e corpos redondos em situações reais (como o cálculo do gasto de material para revestimento ou pinturas de objetos cujos formatos sejam composições dos sólidos estudados), com ou sem apoio de tecnologias digitais.;unidade_tematica
Matemática;Ensino Médio;1ª série;Competência específica 3;EM13MAT310;Resolver e elaborar problemas de contagem envolvendo agrupamentos ordenáveis ou não de elementos, por meio dos princípios multiplicativo e aditivo, recorrendo a estratégias diversas, como o diagrama de árvore.;unidade_tematica
Matemática;Ensino Médio;1ª série;Competência específica 3;EM13MAT311;Identificar e descrever o espaço amostral de eventos aleatórios, realizando contagem das possibilidades, para resolver e elaborar problemas que envolvem o cálculo da probabilidade.;unidade_tematica
Matemática;Ensino Médio;1ª série;Competência específica 3;EM13MAT312;Resolver e elaborar problemas que envolvem o cálculo de probabilidade de eventos em experimentos aleatórios sucessivos.;unidade_tematica
Matemática;Ensino Médio;1ª série;Competência específica 3;EM13MAT313;Utilizar, quando necessário, a notação científica para expressar uma medida, compreendendo as noções de algarismos significativos e algarismos duvidosos, e reconhecendo que toda medida é inevitavelmente acompanhada de erro.;unidade_tematica
Matemática;Ensino Médio;1ª série;Competência específica 3;EM13MAT314;Resolver e elaborar problemas que envolvem grandezas determinadas pela razão ou pelo produto de outras (velocidade, densidade demográfica, energia elétrica etc.).;unidade_tematica
Matemática;Ensino Médio;1ª série;Competência específica 3;EM13MAT315;Investigar e registrar, por meio de um fluxograma, quando possível, um algoritmo que resolve um problema.;unidade_tematica
Matemática;Ensino Médio;1ª série;Competência específica 3;EM13MAT316;Resolver e elaborar problemas, em diferentes contextos, que envolvem cálculo e interpretação das medidas de tendência central (média, moda, mediana) e das medidas de dispersão (amplitude, variância e desvio padrão).;unidade_tematica
Matemática;Ensino Médio;1ª série;Competência específica 4;EM13MAT401;Converter representações algébricas de funções polinomiais de 1º grau em representações geométricas no plano cartesiano, distinguindo os casos nos quais o comportamento é proporcional, recorrendo ou não a softwares ou aplicativos de álgebra e geometria dinâmica.;unidade_tematica
Matemática;Ensino Médio;1ª série;Competência específica 4;EM13MAT402;Converter representações algébricas de funções polinomiais de 2º grau em representações geométricas no plano cartesiano, distinguindo os casos nos quais uma variável for diretamente proporcional ao quadrado da outra, recorrendo ou não a softwares ou aplicativos de álgebra e geometria dinâmica, entre outros materiais.;unidade_tematica
Matemática;Ensino Médio;1ª série;Competência específica 4;EM13MAT403;Analisar e estabelecer relações, com ou sem apoio de tecnologias digitais, entre as representações de funções exponencial e logarítmica expressas em tabelas e em plano cartesiano, para identificar as características fundamentais (domínio, imagem, crescimento) de cada função.;unidade_tematica
Matemática;Ensino Médio;1ª série;Competência específica 4;EM13MAT404;Analisar funções definidas por uma ou mais sentenças (tabela do Imposto de Renda, contas de luz, água, gás etc.), em suas representações algébrica e gráfica, identificando domínios de validade, imagem, crescimento e decrescimento, e convertendo essas representações de uma para outra, com ou sem apoio de tecnologias digitais.;unidade_tematica
Matemática;Ensino Médio;1ª série;Competência específica 4;EM13MAT405;Utilizar conceitos iniciais de uma linguagem de programação na implementação de algoritmos escritos em linguagem corrente e/ou matemática.;unidade_tematica
Matemática;Ensino Médio;1ª série;Competência específica 4;EM13MAT406;Construir e interpretar tabelas e gráficos de frequências com base em dados obtidos em pesquisas por amostras estatísticas, incluindo ou não o uso de softwares que inter-relacionem estatística, geometria e álgebra.;unidade_tematica
Matemática;Ensino Médio;1ª série;Competência específica 4;EM13MAT407;Interpretar e comparar conjuntos de dados estatísticos por meio de diferentes diagramas e gráficos (histograma, de caixa (box-plot), de ramos e folhas, entre outros), reconhecendo os mais eficientes para sua análise.;unidade_tematica
Matemática;Ensino Médio;1ª série;Competência específica 5;EM13MAT501;Investigar relações entre números expressos em tabelas para representá-los no plano cartesiano, identificando padrões e criando conjecturas para generalizar e expressar algebricamente essa generalização, reconhecendo quando essa representação é de função polinomial de 1º grau.;unidade_tematica
Matemática;Ensino Médio;1ª série;Competência específica 5;EM13MAT502;Investigar relações entre números expressos em tabelas para representá-los no plano cartesiano, identificando padrões e criando conjecturas para generalizar e expressar algebricamente essa generalização, reconhecendo quando essa representação é de função polinomial de 2º grau do tipo y = ax2.;unidade_tematica
Matemática;Ensino Médio;1ª série;Competência específica 5;EM13MAT503;Investigar pontos de máximo ou de mínimo de funções quadráticas em contextos envolvendo superfícies, Matemática Financeira ou Cinemática, entre outros, com apoio de tecnologias digitais.;unidade_tematica
Matemática;Ensino Médio;1ª série;Competência específica 5;EM13MAT504;Investigar processos de obtenção da medida do volume de prismas, pirâmides, cilindros e cones, incluindo o princípio de Cavalieri, para a obtenção das fórmulas de cálculo da medida do volume dessas figuras.;unidade_tematica
Matemática;Ensino Médio;1ª série;Competência específica 5;EM13MAT505;Resolver problemas sobre ladrilhamento do plano, com ou sem apoio de aplicativos de geometria dinâmica, para conjecturar a respeito dos tipos ou composição de polígonos que podem ser utilizados em ladrilhamento, generalizando padrões observados.;unidade_tematica
Matemática;Ensino Médio;1ª série;Competência específica 5;EM13MAT506;Representar graficamente a variação da área e do perímetro de um polígono regular quando os comprimentos de seus lados variam, analisando e classificando as funções envolvidas.;unidade_tematica
Matemática;Ensino Médio;1ª série;Competência específica 5;EM13MAT507;Identificar e associar progressões aritméticas (PA) a funções afins de domínios discretos, para análise de propriedades, dedução de algumas fórmulas e resolução de problemas.;unidade_tematica
Matemática;Ensino Médio;1ª série;Competência específica 5;EM13MAT508;Identificar e associar progressões geométricas (PG) a funções exponenciais de domínios discretos, para análise de propriedades, dedução de algumas fórmulas e resolução de problemas.;unidade_tematica
Matemática;Ensino Médio;1ª série;Competência específica 5;EM13MAT509;Investigar a deformação de ângulos e áreas provocada pelas diferentes projeções usadas em cartografia (como a cilíndrica e a cônica), com ou sem suporte de tecnologia digital.;unidade_tematica
Matemática;Ensino Médio;1ª série;Competência específica 5;EM13MAT510;Investigar conjuntos de dados relativos ao comportamento de duas variáveis numéricas, usando ou não tecnologias da informação, e, quando apropriado, levar em conta a variação e utilizar uma reta para descrever a relação observada.;unidade_tematica
Matemática;Ensino Médio;1ª série;Competência específica 5;EM13MAT511;Reconhecer a existência de diferentes tipos de espaços amostrais, discretos ou não, e de eventos, equiprováveis ou não, e investigar implicações no cálculo de probabilidades.;unidade_tematica
